:020000040800F2
:104000007FD6499F03010000660000001BAC2B6AAD
:104010003030312E3032000000000000000000007F
:10402000544543484D00000000000000000000001F
:1040300000000000004000080B0E010800420008CC
:10404000004200080B0E0108FFFFFFFF0000000008
:104050000000000000000000000000000000000060
:104060000000000000000000000000000000000050
:104070000000000000000000000000000000000040
:104080000000000000000000000000000000000030
:104090000000000000000000000000000000000020
:1040A0000000000000000000000000000000000010
:1040B0000000000000000000000000000000000000
:1040C00000000000000000000000000000000000F0
:1040D00000000000000000000000000000000000E0
:1040E00000000000000000000000000000000000D0
:1040F00000000000000000000000000000000000C0
:1041000000000000000000000000000000000000AF
:10411000000000000000000000000000000000009F
:10412000000000000000000000000000000000008F
:10413000000000000000000000000000000000007F
:10414000000000000000000000000000000000006F
:10415000000000000000000000000000000000005F
:10416000000000000000000000000000000000004F
:10417000000000000000000000000000000000003F
:10418000000000000000000000000000000000002F
:10419000000000000000000000000000000000001F
:1041A000000000000000000000000000000000000F
:1041B00000000000000000000000000000000000FF
:1041C00000000000000000000000000000000000EF
:1041D00000000000000000000000000000000000DF
:1041E00000000000000000000000000000000000CF
:1041F00000000000000000000000000000000000BF
:1042000000000120759E0008B19C0008B39C0008C6
:10421000B59C0008B79C0008B99C0008000000008D
:10422000000000000000000000000000BB9C00082F
:10423000BD9C000800000000BF9C0008C19C000855
:10424000C59E0008C59E0008C59E0008C59E0008C2
:10425000C59E0008C59E0008C59E0008CD9C0008AC
:10426000D79C0008C59E0008C59E0008E19C000878
:10427000C59E0008C59E0008F19C0008019D00082D
:10428000C59E0008C59E0008119D0008219D0008DC
:10429000319D0008419D0008C59E0008C59E00088C
:1042A000C59E0008C59E0008C59E0008C59E000862
:1042B000C59E00080000000000000000C59E000828
:1042C000C59E0008C59E0008C59E0008C59E000842
:1042D000C59E0008519D0008C59E0008C59E0008A7
:1042E000C59E0008C59E00080000000000000000F8
:1042F00000000000000000000000000000000000BE
:1043000000000000C59E000800000000C59E0008D7
:104310000000000000000000619D0008C59E00082C
:10432000C59E0008C59E0008C59E0008C59E0008E1
:10433000C59E000800000000000000000000000012
:10434000C59E0008C59E0008C59E0008000000002C
:10435000C59E0008C59E0008C59E0008C59E0008B1
:10436000C59E0008C59E0008C59E0008000000000C
:10437000C59E0008C59E0008000000000000000067
:10438000C59E0008C59E0008C59E000800000000EC
:1043900010B5054C237833B9044B13B10448AFF37F
:1043A00000800123237010BD1802002000000000CF
:1043B000CC08010808B5034B1BB103490348AFF310
:1043C000008008BD000000001C020020CC0801088D
:1043D00010F8012B11F8013B012A28BF9A42F7D0AF
:1043E000D01A7047034613F8012B002AFBD1181A84
:1043F00001387047000000000000000000000000CD
:1044000001F0FF01102A2BDB10F0070F08D010F885
:10441000013B013A8B422DD010F0070F42B3F6D189
:10442000F0B441EA012141EA014122F007047FF0A2
:1044300000070023F0E80256083C85EA010586EAF9
:10444000010685FA47F5A3FA87F586FA47F6A5FA35
:1044500087F68EB9EED1F0BC01F0FF0102F0070241
:1044600032B110F8013B013A83EA010313B1F8D1EC
:104470000020704701387047002D06BF35460338CD
:10448000073815F0010F07D1013015F4807F02BF06
:10449000013015F4C03F0130F0BC0138704700BF57
:1044A00081F0004102E000BF83F0004330B54FEAE5
:1044B00041044FEA430594EA050F08BF90EA020F52
:1044C0001FBF54EA000C55EA020C7FEA645C7FEAE5
:1044D000655C00F0E2804FEA5454D4EB5555B8BF08
:1044E0006D420CDD2C4480EA020281EA030382EA79
:1044F000000083EA010180EA020281EA0303362D0B
:1045000088BF30BD11F0004F4FEA01314FF4801CDD
:104510004CEA113102D0404261EB410113F0004FEF
:104520004FEA03334CEA133302D0524263EB4303A6
:1045300094EA050F00F0A780A4F10104D5F1200E44
:104540000DDB02FA0EFC22FA05F2801841F100019F
:1045500003FA0EF2801843FA05F359410EE0A5F173
:1045600020050EF1200E012A03FA0EFC28BF4CF0A4
:10457000020C43FA05F3C01851EBE37101F000455A
:1045800007D54FF0000EDCF1000C7EEB00006EEB67
:104590000101B1F5801F1BD3B1F5001F0CD34908F1
:1045A0005FEA30004FEA3C0C04F101044FEA445248
:1045B00012F5800F80F09A80BCF1004F08BF5FEACF
:1045C000500C50F1000041EB045141EA050130BDAF
:1045D0005FEA4C0C404141EB0101013C28BFB1F5C1
:1045E000801FE9D291F0000F04BF01460020B1FA0C
:1045F00081F308BF2033A3F10B03B3F120020CDADF
:104600000C3208DD02F1140CC2F10C0201FA0CF0BC
:1046100021FA02F10CE002F11402D8BFC2F1200C21
:1046200001FA02F120FA0CFCDCBF41EA0C019040D7
:10463000E41AA2BF01EB0451294330BD6FEA040420
:104640001F3C1CDA0C340EDC04F11404C4F120020B
:1046500020FA04F001FA02F340EA030021FA04F31D
:1046600045EA030130BDC4F10C04C4F1200220FA74
:1046700002F001FA04F340EA0300294630BD21FAB2
:1046800004F0294630BD94F0000F83F4801306BF78
:1046900081F480110134013D4EE77FEA645C18BF6C
:1046A0007FEA655C29D094EA050F08BF90EA020F03
:1046B00005D054EA000C04BF1946104630BD91EAFB
:1046C000030F1EBF0021002030BD5FEA545C05D1FE
:1046D0004000494128BF41F0004130BD14F580043D
:1046E0003CBF01F5801130BD01F0004545F0FE41B1
:1046F00041F470014FF0000030BD7FEA645C1ABFE6
:10470000194610467FEA655C1CBF0B46024650EA1C
:10471000013406BF52EA033591EA030F41F4002148
:1047200030BD00BF90F0000F04BF0021704730B5CE
:104730004FF4806404F132044FF000054FF00001A3
:1047400050E700BF90F0000F04BF0021704730B564
:104750004FF4806404F1320410F0004548BF404239
:104760004FF000013EE700BF42004FEAE2014FEA8E
:1047700031014FEA02701FBF12F07F4393F07F4F69
:1047800081F06051704732F07F4208BF704793F06C
:104790007F4F04BF41F40021704730B54FF460747F
:1047A00001F0004521F000411CE700BF50EA010282
:1047B00008BF704730B54FF000050AE050EA01022B
:1047C00008BF704730B511F0004502D5404261EB9B
:1047D00041014FF4806404F132045FEA915C3FF4DC
:1047E000D8AE4FF003025FEADC0C18BF03325FEA79
:1047F000DC0C18BF033202EBDC02C2F1200300FA2A
:1048000003FC20FA02F001FA03FE40EA0E0021FA4E
:1048100002F11444BDE600BF70B54FF0FF0C4CF43C
:10482000E06C1CEA11541DBF1CEA135594EA0C0FEE
:1048300095EA0C0F00F0DEF82C4481EA030621EA29
:104840004C5123EA4C5350EA013518BF52EA033564
:1048500041F4801143F4801338D0A0FB02CE4FF016
:104860000005E1FB02E506F00042E0FB03E54FF046
:104870000006E1FB03569CF0000F18BF4EF0010E3E
:10488000A4F1FF04B6F5007F64F5407404D25FEA3A
:104890004E0E6D4146EB060642EAC62141EA5551ED
:1048A0004FEAC52040EA5E504FEACE2EB4F1FD0C2F
:1048B00088BFBCF5E06F1ED8BEF1004F08BF5FEAAD
:1048C000500E50F1000041EB045170BD06F000465F
:1048D00046EA010140EA020081EA0301B4EB5C040C
:1048E000C2BFD4EB0C0541EA045170BD41F4801104
:1048F0004FF0000E013C00F3AB8014F1360FDEBF29
:10490000002001F0004170BDC4F10004203C35DA04
:104910000C341BDC04F11404C4F1200500FA05F387
:1049200020FA04F001FA05F240EA020001F0004228
:1049300021F0004110EBD37021FA04F642EB06019E
:104940005EEA430E08BF20EAD37070BDC4F10C04C8
:10495000C4F1200500FA04F320FA05F001FA04F28C
:1049600040EA020001F0004110EBD37041F1000178
:104970005EEA430E08BF20EAD37070BDC4F1200583
:1049800000FA05F24EEA020E20FA04F301FA05F2EB
:1049900043EA020321FA04F001F0004121FA04F293
:1049A00020EA020000EBD3705EEA430E08BF20EA63
:1049B000D37070BD94F0000F0FD101F0004640009D
:1049C00041EB010111F4801F08BF013CF7D041EA1F
:1049D000060195F0000F18BF704703F00046520023
:1049E00043EB030313F4801F08BF013DF7D043EAF4
:1049F0000603704794EA0C0F0CEA135518BF95EAAA
:104A00000C0F0CD050EA410618BF52EA4306D1D130
:104A100081EA030101F000414FF0000070BD50EA4F
:104A2000410606BF1046194652EA430619D094EAD9
:104A30000C0F02D150EA013613D195EA0C0F05D1C3
:104A400052EA03361CBF104619460AD181EA030117
:104A500001F0004141F0FE4141F470014FF00000CF
:104A600070BD41F0FE4141F4780170BD70B54FF06A
:104A7000FF0C4CF4E06C1CEA11541DBF1CEA1355EA
:104A800094EA0C0F95EA0C0F00F0A7F8A4EB0504CC
:104A900081EA030E52EA03354FEA013100F08880C3
:104AA0004FEA03334FF0805545EA131343EA12638C
:104AB0004FEA022245EA111545EA10654FEA002641
:104AC0000EF000419D4208BF964244F1FD0404F5FA
:104AD000407402D25B084FEA3202B61A65EB030556
:104AE0005B084FEA32024FF480104FF4002CB6EB13
:104AF000020E75EB030E22BFB61A754640EA0C0093
:104B00005B084FEA3202B6EB020E75EB030E22BFD2
:104B1000B61A754640EA5C005B084FEA3202B6EB13
:104B2000020E75EB030E22BFB61A754640EA9C00D2
:104B30005B084FEA3202B6EB020E75EB030E22BFA2
:104B4000B61A754640EADC0055EA060E18D04FEA60
:104B5000051545EA16754FEA06164FEAC30343EA00
:104B600052734FEAC2025FEA1C1CC0D111F4801FCD
:104B70000BD141EA00014FF000004FF0004CB6E7C6
:104B800011F4801F04BF01430020B4F1FD0C88BF65
:104B9000BCF5E06F3FF6AFAEB5EB030C04BFB6EB70
:104BA000020C5FEA500C50F1000041EB045170BD63
:104BB0000EF0004E4EEA113114EB5C04C2BFD4EB90
:104BC0000C0541EA045170BD41F480114FF0000E14
:104BD000013C90E645EA060E8DE60CEA135594EA90
:104BE0000C0F08BF95EA0C0F3FF43BAF94EA0C0F93
:104BF0000AD150EA01347FF434AF95EA0C0F7FF408
:104C000025AF104619462CE795EA0C0F06D152EA5B
:104C100003353FF4FDAE1046194622E750EA41063F
:104C200018BF52EA43067FF4C5AE50EA41047FF450
:104C30000DAF52EA43057FF4EBAE12E74FEA4102B3
:104C400012F5001215D211D56FF47873B3EB6252DE
:104C500012D94FEAC12343F0004343EA505311F005
:104C6000004F23FA02F018BF404270474FF0000097
:104C7000704750EA013005D111F0004008BF6FF0D5
:104C8000004070474FF00000704700BF4A0011D24B
:104C900012F5001211D20DD56FF47873B3EB625296
:104CA0000ED44FEAC12343F0004343EA505323FAA2
:104CB00002F070474FF00000704750EA013002D117
:104CC0004FF0FF3070474FF0000070474FEA41024D
:104CD000B2F1E04324BFB3F5001CDCF1FE5C0DD95A
:104CE00001F0004C4FEAC0024CEA5070B2F1004FA4
:104CF00040EB830008BF20F00100704711F0804FA7
:104D000021D113F13872BCBF01F00040704741F46B
:104D100080114FEA5252C2F11802C2F1200C10FA6F
:104D20000CF320FA02F018BF40F001004FEAC12353
:104D30004FEAD32303FA0CFC40EA0C0023FA02F3F7
:104D40004FEA4303CCE77FEA625307D150EA0133CD
:104D50001EBF4FF0FE4040F44000704701F000409D
:104D600040F0FE4040F40000704700BF7BB972B9CC
:104D70000029BEBF00204FF0004106E008BF002818
:104D80001CBF6FF000414FF0FF3000F0D3B9ADF120
:104D9000080C6DE904CE002909DB002B1ADB00F0BA
:104DA0004DF8DDF804E0DDE9022304B0704740422D
:104DB00061EB4101002B1BDB00F040F8DDF804E063
:104DC000DDE9022304B0404261EB4101524263EB52
:104DD00043037047524263EB430300F02FF8DDF8C2
:104DE00004E0DDE9022304B0404261EB4101704779
:104DF000524263EB430300F021F8DDF804E0DDE903
:104E0000022304B0524263EB4303704753B94AB9DB
:104E1000002908BF00281CBF4FF0FF314FF0FF30C2
:104E200000F088B9ADF1080C6DE904CE00F006F889
:104E3000DDF804E0DDE9022304B070472DE9F04716
:104E4000089D8E4604468846002B4AD18A42174662
:104E500062D9B2FA82F64EB1C6F1200301FA06F821
:104E600020FA03F3B74043EA0808B4404FEA174E6C
:104E70001FFA87FCB8FBFEF1230C0EFB118843EAF6
:104E8000084301FB0CF29A4209D9FB1801F1FF30EB
:104E900080F0EA809A4240F2E78002393B449A1A55
:104EA000A3B2B2FBFEF00EFB102243EA024300FB6A
:104EB0000CFC9C4509D9FB1800F1FF3280F0D6802C
:104EC0009C4540F2D3803B44023840EA0140A3EBCA
:104ED0000C0300211DB1F3400022C5E90032BDE8FA
:104EE000F0878B4205D90DB1C5E9000100210846C4
:104EF000F5E7B3FA83F1002946D1734502D3824224
:104F000000F20581841A6EEB030201209046002D09
:104F1000E5D0C5E90048E2E7002A00F09080B2FA47
:104F200082F6002E40F0A4808A1A030C4FEA174E36
:104F300080B2BCB20121B2FBFEFC0EFB1C2243EA94
:104F4000024304FB0CF29A4207D9FB180CF1FF381C
:104F500002D29A4200F2E080C4469B1AB3FBFEF2F2
:104F60000EFB123340EA034302FB04F49C4207D9D0
:104F7000FB1802F1FF3002D29C4200F2CA800246C6
:104F80001B1B42EA0C40A5E7C1F120068B4022FA28
:104F900006F71F430EFA01F420FA06F32EFA06FE76
:104FA0004FEA1749234300FA01F81FFA87FCBEFBBA
:104FB000F9F01C0C09FB10EE44EA0E4400FB0CFE59
:104FC000A64502FA01F209D93C1900F1FF3A80F036
:104FD0009C80A64540F2998002383C44A4EB0E0424
:104FE0001FFA83FEB4FBF9F309FB13444EEA0444B1
:104FF00003FB0CFCA44508D93C1903F1FF3E80F0EB
:105000008280A4457FD9023B3C4443EA0040A4EBA4
:105010000C04A0FB02EC64457346E14662D35FD00A
:105020005DB1B8EB030264EB090404FA06F622FA58
:1050300001F31E43CC40C5E9006400214FE7B1FBFA
:10504000F2FC010C41EA0E4180B240EA01423B46CB
:1050500038463C46B846BE462026B1FBF7F1A2EBE7
:10506000080241EA0C4166E7014618E710462CE7C2
:10507000C6F120022EFA02F3B740B14020FA02F244
:105080004FEA174E0A43B3FBFEF8BCB20EFB1833CF
:10509000110C41EA034108FB04F9B04089454FEA8D
:1050A000104380B23ED9791808F1FF3C01D28945FE
:1050B0001FD8A1EB0901B1FBFEF909FB04F80EFBB7
:1050C000191192B242EA0142424529D2BA1809F1B5
:1050D000FF31C4D24245C2D2A9F102013A44BEE72F
:1050E000F0459DD2BEEB02036CEB070C0138E146A4
:1050F00096E7A7EB09094944A8F1020CB1FBFEF9B8
:1051000009FB04F8DBE773467FE7504666E708468D
:10511000FDE63B44023A33E7ACF1020C3B441CE7AA
:1051200049469CE7A1EB0901C446B1FBFEF909FB26
:1051300004F8C4E7704700BF10B5084B1860084B6F
:105140001960084C22707F2105F08FFD2078400007
:1051500009F094F8044B186010BD00BF4002002015
:105160003C020020380200203402002008B5054B24
:10517000196829B1044B1A78044B186805F08AFCA9
:1051800008BD00BF34020020380200204002002089
:10519000064B1B78834205D9054B1B6823B133F8B6
:1051A0001000704700207047002070473802002030
:1051B0003402002008B5024B186805F015FD08BD43
:1051C0004002002030B585B004460025ADF80E50F1
:1051D0000DF10E0101F072FCBDF80E30013B18BF5D
:1051E0000123220A8DF804208DF8054002128DF863
:1051F00006208DF807008DF808508DF809308DF8DD
:105200000A508DF80B50054B1878082201A900F5BB
:10521000887000F067FB05B030BD00BF440200207D
:10522000014B1870704700BF44020020014B1878F2
:10523000704700BF4402002010B5044600F0BCFADD
:1052400000EBC4008379052B01D0002010BD0120A4
:10525000FCE738B50024254601E0013424B2072CD0
:1052600009DCE0B2FFF7E8FF0128F6D10123A340F3
:105270001D432DB2F1E7284638BD08B500F024FBE8
:1052800008BD000070B5002308E003EB4302910065
:10529000184A0A44D1880A31D1800133632BF4DDE6
:1052A000002400E00134632C22DC04EB4402930070
:1052B000104AD35C012BF5D104EB44039A000D4B4B
:1052C00013449B88002BEDD004EB44029100094A63
:1052D0000A44D2889342E5D8064D66000B462B441B
:1052E0005888FFF76FFF33199A0015440023EB80AD
:1052F00070BD00BF4802002008B5034B1B7818445E
:1053000080B200F0EFFA08BD4402002010B50C4650
:10531000002308E01E4901EB8C029480012201F871
:105320002C2010BD0133632B17DC03EB430C184A10
:1053300002EB8C0252888242F4D1002CEAD114494B
:1053400003EB43024FEA820E01EB82024FF0000CA6
:10535000A2F804C001F80EC0E4E7002300E0013326
:10536000632BDEDC03EB4302094911F82220002AFB
:10537000F5D1002CF3D003EB430201EB8202508005
:10538000948003EB4303012201F82320C9E700BF07
:105390004802002000B583B0030A8DF800308DF874
:1053A00001000B0A8DF802308DF80310130A8DF8F6
:1053B00004308DF8052000238DF805308DF8073076
:1053C000082269464FF49870FFF796FF03B05DF826
:1053D00004FB00B583B003128DF800308DF8010096
:1053E0000B0A8DF802308DF8031000238DF804307D
:1053F0008DF805308DF80730082269464FF4A0700B
:10540000FFF77AFF03B05DF804FB000000B583B03E
:105410000A4B1B788DF800308DF8010029B10A681D
:10542000CDF802208B88ADF80630082269464FF48B
:10543000C460FFF761FF03B05DF804FB4402002085
:1054400000B583B04FF0303300930193084B1B78C5
:105450008DF800308DF80100CDF802100822694661
:105460004FF4AC60FFF748FF03B05DF804FB00BFEA
:105470004402002000B583B002466B4600685168C4
:1054800003C3064B18788DF800000822694600F522
:10549000C260FFF731FF03B05DF804FB4402002057
:1054A000F8B5394B1E78002E69D10022DA70012937
:1054B0003AD0354B1B78002B63D0F8BD0133DBB2FB
:1054C0007446324A52F82E2092F806C09C4521D9E3
:1054D00002EB030C9CF807C08445EFD12A4D01274D
:1054E0002F70687095F803C0BC4485F803C09773AB
:1054F000264A52F8245000272F8252F82450A874CC
:1055000052F82450E97452F824201479012CD5D192
:10551000D473D3E70EF1010E5FFA8EFE1C4B1B789D
:105520007345C6D93346CBE7B646F7E70132D2B268
:10553000164C54F82540A67996420CD9A618F6794F
:105540008642F3D1E67B0136E673104C54F82540D1
:1055500000262682EAE70133DBB20D4A12789A422E
:10556000A7D91D46094A52F82320947B012CF2D179
:105570001279012AEFD10129EDD10022D8E70023C9
:10558000EBE701F0DBFD98E7FC06002004070020B4
:10559000F806002038B504460588142008F06EFE91
:1055A000094B43F82500228853F822305BB120686C
:1055B0006168A268186059609A60A2899A81034A5A
:1055C00013780133137038BD04070020F80600205B
:1055D000F8B5002427E00135EDB23E4B53F82630F4
:1055E0009A79AA4210D92B44D87903F019FD0028E2
:1055F000F1D10746EFE7D97B5A79914229D11A8A2E
:105600009B899A4201D224E01FB3324D55F82630CF
:10561000987801F0B3FD55F82620002393732E4AA5
:1056200013700134E4B22D4B1B78A34226D92646D1
:10563000284B53F824309F7B012FF2D11A8A0A326B
:105640001A82244B53F824301D79002DC5D0012D2A
:10565000D1D0204B53F82630198A9A899142E0D351
:1056600000229A731B4B53F826301A821A4BDB78B0
:10567000002BD6D0013B184AD370D2E7164B1B78CB
:10568000012B04D0144B1B78022B0ED0F8BD124B0B
:10569000DB78002BF6D1104C0121607801F04EFD33
:1056A000022323700023A380ECE70B4A93880A337C
:1056B0009BB29380632BE9D9507803F0B1FC18B109
:1056C000054B00221A70E1E70021034B587801F0E6
:1056D00035FDF5E704070020FC060020F806002051
:1056E00030B583B0174AD2F8943000240094019466
:1056F000D2F8941041F40001C2F8941003228DF8FE
:1057000000201B0E8DF802300F4D0521284607F0B2
:1057100018FB8DF803000621284607F012FB0190C4
:1057200022460521284607F000FB2246062128468E
:1057300007F0FBFA0DF102012046FFF767FE03B008
:1057400030BD00BF0010024094160020BFF34F8F01
:105750000549CA6802F4E062044B1343CB60BFF30F
:105760004F8F00BFFDE700BF00ED00E00400FA0529
:1057700084B008B50DF1080C8CE80F006146044BAD
:10578000586901F03BFABDE8084004B0704700BF1B
:105790009407002010B5064CA06805F0E0FB052238
:1057A000A2712178034B03EBC1039A7110BD00BFB6
:1057B0009407002054070020004870475407002039
:1057C00010B58EB006E02BB99DF831202E4B1B781A
:1057D0009A4217D005A92C4BD86801F0ECF9D8B93A
:1057E000059BA3F5E0620F2AEDD8DAB2072AEAD8C2
:1057F00011469DF83000254A02EBC102907100214C
:105800005180E0E79DF83030812B03D0822BE1D12D
:10581000FFF79CFFFFF79AFF002100E00131072905
:1058200017DC1A4A02EBC10253880A339BB2538039
:1058300092889342F2D9154B03EBC1039B79FF2B5E
:10584000ECD0124B03EBC10300225A80FF229A7165
:10585000E4E70D4A53880A339BB2538092889342FF
:1058600001D20EB010BD084C00236380A37984F8E8
:10587000303004F128030FCB8DE80F00183494E882
:105880000F00FFF775FFECE7940700205407002096
:1058900000B58BB002A90B4B586901F05BF910B150
:1058A0000BB05DF804FB01AB08AA02A905488068AB
:1058B00005F083FB0028F3D1024B586901F063F92E
:1058C000EEE700BF9407002008B50146044B1869B5
:1058D00001F071F908B1002008BD0120FCE700BF0C
:1058E0009407002010B58CB0089204900023059313
:1058F0000793069304AC0AA809F011FB0CAB13E95B
:105900000F008DE80F0094E80F00FFF731FF0CB097
:1059100010BD000010B58AB0044608AB01AA0021F2
:1059200005F0C0FB054B9B68A34201D00AB010BD37
:1059300001A9024BD86801F061F9F7E7940700204C
:1059400010B58AB0044608AB01AA012105F0AAFBF4
:10595000054B9B68A34201D00AB010BD01A9024BC0
:10596000186901F04BF9F7E79407002010B4002400
:10597000234622460AE0520092B242F00102400061
:1059800080B2490089B201240133DBB20F2B0BD85E
:1059900080EA010C1CF4004FEDD1002CEBD140004B
:1059A00080B2490089B2EFE7D04380B2400180B2B3
:1059B0005DF8044B704730B58BB005461C46BDF80A
:1059C0003C000E230993059200230693079304914C
:1059D0004301009363010193BDF84010FFF7C6FF38
:1059E0000290BDF838102046FFF7C0FF0390012356
:1059F00008936946284605F02FFA0BB030BD000029
:105A000070B584B005460C46C821242001F07EF80C
:105A10002B4EF0605021242001F078F83061642191
:105A2000202001F073F87061B560347041F2883362
:105A3000B380002373800122B26204F5E062B26198
:105A4000F361736233620EE01E4A02EBC30C42F252
:105A50001071ACF804104FF0FF0E8CF806E002F85D
:105A600033300133DBB2072BEED9154EB279154B2B
:105A700003EBC4039A7100240294019440F20F7363
:105A800000934FF4E063012221462846FFF793FF7D
:105A90000294019440F2FF63009323460222012105
:105AA000B068FFF788FF48F61201B06805F09FFB69
:105AB000B3681A68136823F48033136004B070BDB0
:105AC000940700205407002010B40B4B00EB400259
:105AD00003EB820153F82240084A14604968084ADF
:105AE000116000EB400003EB80039A68054B1A60DD
:105AF0005DF8044B704700BFE4070020E00700207A
:105B0000DC070020D807002010B504464FF0000E37
:105B1000704614E04FEA5C0C0133DBB2072B0AD865
:105B200080EA0C0212F0010F4FEA5000F2D080F030
:105B30008C00C0B2EEE70EF1010E5FFA8EFE8E45CC
:105B400003D214F80EC00023E8E710BD002307E0DD
:105B500003EB43018A001649002088500133DBB271
:105B6000022BF5D9134BDA6842F00102DA60042205
:105B70009A621A6842F080021A600F4B4FF49652F4
:105B80001A804FF47A725A8040F6D8629A800B4B92
:105B90003C221A8040F28A225A8096229A80084B30
:105BA0000A221A806E225A804FF416729A80704729
:105BB000E4070020001000403C08002034080020CA
:105BC0002C080020022800D9704730B587B00D4658
:105BD00014460E4B00EB400203EB820143F82250C7
:105BE0008C6022044A600022A1B2284605F031FFF1
:105BF000019411230293002303930223049301A928
:105C0000284605F03BFE07B030BD00BFE40700208A
:105C1000054B00221A705A709A70DA701A715A7114
:105C20009A71DA71704700BF14080020F8B50C466D
:105C300000EB40052A4951F8251000294BD01646A3
:105C40001F46002B18BF002A47D0264B1D7825B1D0
:105C50000125254B1D702846F8BDFFF735FFFFF7DE
:105C6000D7FF224B1E60224B1F60224B55221A7019
:105C700022785A7062789A70A278DA70E2781A7193
:105C800022795A7162799A71A279DA71E2791A727B
:105C9000BE225A720023184A1370184A1370184A09
:105CA0001370184A1370184A0A211170174A0921F3
:105CB0001170174A1370174A13700122164B1A708D
:105CC000084B1A70154B1988154BD9621968114386
:105CD00019605A61BDE70225BBE70525B9E700BF9A
:105CE000E4070020080800204208002010080020D7
:105CF0000C0800202008002045080020470800204C
:105D000046080020430800204B0800204A080020D5
:105D10004908002048080020440800203C080020D2
:105D20000010004010B500EB40021C4B53F822302D
:105D3000002B30D01A4B1C7824B10124194B1C7055
:105D4000204610BDFFF7C0FEFFF762FF164BCC22C6
:105D50001A7044225A700023144A1370144A1370A4
:105D6000144A1370144A1370022214490A70144919
:105D70000B7014490B7014490B70144B1A700121ED
:105D8000074B1970124B1A88124BDA621A680A43D1
:105D90001A605961D2E70224D0E700BFE40700206F
:105DA00008080020420800202008002045080020A4
:105DB0004708002046080020430800204B08002028
:105DC0004A08002049080020480800204408002014
:105DD0003C080020001000401F4B1B7813B91F4BDC
:105DE00003221A701E4B1B78E3B1012B20D170B532
:105DF0001C4B1D6895B11C480378427843EA022386
:105E00001CB2067A0821FFF77FFE864214D0174B9A
:105E10001B6800221A70134B00221A60144B0022D8
:105E20001A7070BD134B104A92E8030083E8030018
:105E30000F4B00221A70704704EB84035B001A4674
:105E4000002B06DB12112A80084B1B6801221A70F6
:105E5000E1E703F10F02F5E74308002042080020C4
:105E60004408002010080020140800200C0800201E
:105E700008080020D007002010B5904B00221A61BE
:105E80008F4B1B78012B20D0022B00F08280002B3F
:105E900040F0AE808B4B1B78012B00F0E080022B92
:105EA00000F0E38023B9884A126888490968916143
:105EB0000133DBB2834A1370022B00F2E580844A7F
:105EC00032F813207D4BDA6292E0824B1B78012B73
:105ED00013D0022B27D023B97B4A12687B4909686B
:105EE00091610133DBB27B4A1370022B21D87A4ACD
:105EF00032F81320714BDA627AE0784A12787849E6
:105F00008A5C784909780A4112F0010F05D06E4A7F
:105F10001268754909689161E3E76B4A12686B4939
:105F200009689161DDE7684A12686F490968916103
:105F3000D7E7684B00221A70674B1A885F4BDA620A
:105F4000684A13780133DBB21370072B50D913461C
:105F500000221A70614A13780133DBB21370634A6E
:105F60001278934244D35D4B00221A70604B1B7829
:105F70003BB1534B02221A705E4B1A884F4BDA62C8
:105F800036E04E4A136823F001031360FFF724FF45
:105F90002EE0504B1B78012B2BD0022B2FD023B996
:105FA000494A12684949096891610133DBB2494A9B
:105FB0001370022B15D9134600221A70494A137820
:105FC0000133DBB21370072B0BD9134600221A7072
:105FD000424A13780133DBB21370454A1278934278
:105FE00030D23C4B1A78434B33F81220334BDA62F1
:105FF00010BD354A12683C4909689161D5E7324ABB
:1060000012681169384A126811420CD0334A10786C
:10601000394C225C334991F800C0012101FA0CF19E
:106020000A432254C1E72D4A1078334C215C2D4A93
:1060300092F800C0012202FA0CF2D24352B20A4096
:106040002254B2E71D4A136823F001031360FFF7DF
:10605000C3FE0023214A1370284A1370C1E71A4A6D
:10606000126821490968916122E7174A126811698B
:106070001D4A1268114203D0214A0021117017E70E
:106080001F4A0121117013E700230E4A1370114AB1
:1060900013701B4B1B783BB1094B01221A700E4B3E
:1060A0001A88064BDA62A3E7044A136823F0010357
:1060B0001360124B00221A709AE700BF00100040D4
:1060C0004508002047080020E0070020DC070020EA
:1060D0003C08002046080020340800204808002022
:1060E0002008002049080020D80700204B08002085
:1060F0004A0800202C08002014080020080800206E
:10610000430800200023C3617047D0ED027A70EE8F
:10611000677A038807EE103AB8EEC77AC7EE876A47
:1061200080ED020A80ED010A90ED036A20EE466AD6
:1061300080ED066AD0ED077AD0ED045A65EE805AFC
:1061400027EE257A77EEC77AC0ED077A90ED057ACB
:1061500026EEC77A80ED087A76EE277A77EE277AF0
:10616000C0ED097AD0ED0C6AF4EEE67AF1EE10FAA1
:106170000ADDC0ED0A6A76EEC66A76EEC76AC0ED41
:10618000076A90ED0A0A7047D0ED0B6AF4EEE67AE2
:10619000F1EE10FA08D5C0ED0A6A76EEC66A76EE20
:1061A000C76AC0ED076AECE7C0ED0A7AE9E70000CC
:1061B00030B589B00446184D00226946284606F0DD
:1061C00070FD002205A9284606F091FD9DF81730C4
:1061D00003F5FA63ADF81E309DF815308DF81C30CC
:1061E0009DF816308DF81B309DF800308DF8183072
:1061F0009DF801308DF819309DF802308DF81A3075
:106200009DF814308DF81D3006AB03CB2060616023
:10621000204609B030BD00BF9416002010B588B0EC
:106220006B4683E80300BDF8063030338DF81F302D
:106230009DF804308DF81D309DF803308DF81E3028
:106240009DF805308DF81C30114C002207A920461E
:1062500006F0CCFC9DF800308DF808309DF8013038
:106260008DF809309DF802308DF80A3000228DF843
:106270000B200592069202A9204606F051FC43F23B
:10628000F2220121204606F050FD08B010BD00BFEB
:106290009416002000B585B002900023039302A855
:1062A00008F0BAF903688DF8023043688DF80130C0
:1062B00083688DF80030C3688DF8033003690133BB
:1062C0008DF80430436903F26C73ADF806306B4609
:1062D00093E80300FFF7A2FF05B05DF804FB0000A0
:1062E0000023054A1380054A1370054A1370054AB6
:1062F0001370054A13707047500800204E080020A4
:106300004D080020400A00204C08002010B53A4BF0
:106310001B88002B53D0394B1B78374A1088834297
:106320004FD8354B1B88142B4FD8334A1388013371
:106330001380334B1A78334B1B789A4204D30023D3
:106340002F4A13702C4A138010BD04EB44039A00AB
:106350002D4B1344DB7A052B27D80134294B1B78AE
:10636000A342D8DD04EB44039A00274B1344DA7AA6
:106370000132DA72B3F9041001F596739BB240F260
:106380000E629342E1D804EB44039A001E4B13447F
:106390009B79012BD9D11C4B13440022DA7259800E
:1063A0000122188900F0A6FBCFE7174B1344002207
:1063B000DA72B3F90210188900F09CFBCDE70024D3
:1063C000CCE7C0B2FFF7AEFCABE70D4C23780E482C
:1063D00003EB43029100421810F801E01046931DB0
:1063E00004320A4901EBCE01807AFFF71FFC2378C3
:1063F0000133237099E700BF500800204C080020AB
:106400004E080020400A0020540800200000002010
:1064100008B5074B1B78022B01D9012008BDFFF7F7
:10642000D1FB034A1378013313700020F6E700BF55
:106430004C0800200F4B1B78282B18D810B50E4C99
:1064400003EB430E04EB8E0C04F82E004FF40040D7
:10645000ACF8020000208CF80600ACF808108CF8AC
:106460000A208CF80B000133024A137010BD012082
:10647000704700BF400A0020540800200023092B69
:1064800005DC094A32F833200AB10133F7E7092B5A
:1064900008DC054A4FF0010C22F833C002EBC303BD
:1064A00058805960704700BF4C0A00200023092B18
:1064B00010DC094A02EBC3025288824201D0013348
:1064C000F5E7054A02EBC30040680170002122F89D
:1064D00033107047704700BF4C0A00200023092B7F
:1064E00010DC094A02EBC3025288824201D0013318
:1064F000F5E7054A02EBC30040680180002122F85D
:1065000033107047704700BF4C0A00200023092B4E
:1065100010DC094A02EBC3025288824201D00133E7
:10652000F5E7054A02EBC30040680160002122F84C
:1065300033107047704700BF4C0A002000B583B08D
:1065400000238DF8003038238DF80130ADF80200BB
:106550000B680193034B1B680BB16846984703B067
:106560005DF804FB440A002098B900B583B000220E
:106570008DF8002039228DF80120ADF80200652346
:106580000193044B1B680BB16846984703B05DF854
:1065900004FB7047440A0020034B00221A60034B9F
:1065A00001221A60704700BF440A0020480A0020F8
:1065B00008B54378313B082B47D8DFE803F00510D6
:1065C0001B26464646313C00214B1B680BB9002078
:1065D0003CE041684088FFF751FF002036E01C4B4B
:1065E0001B680BB9002031E001794088FFF75EFF9E
:1065F00000202BE0164B1B680BB9002026E0818899
:106600004088FFF76BFF002020E0114B1B680BB99F
:1066100000201BE041684088FFF778FF002015E06C
:106620000B4B1B680BB9002010E041684088FFF756
:1066300085FF00200AE0064B1B680BB9002005E02F
:106640004088FFF791FF002000E0012008BD00BF57
:10665000480A0020014B1860704700BF440A002020
:1066600010B504468378082B00F2DB80DFE813F0D6
:106670000900170025004A006F009100B400E600F1
:10668000D800037B2BB901220189406805F0E1F9AC
:10669000C7E000220189406805F0DBF9C1E0037B17
:1066A0002BB900220189406805F0D3F9B9E0012235
:1066B0000189406805F0CDF9B3E00388322B13D887
:1066C000037B5BB900220189406805F0C2F9238889
:1066D000632B40F2A68000232380A2E001220189DF
:1066E000406805F0B6F9F2E7037B2BB90122018976
:1066F000406805F0AEF9EAE700220189406805F03C
:10670000A8F9E4E703880A2B13D8037B5BB90022BE
:106710000189406805F09DF92388132B40F28180A0
:10672000002323807DE001220189406805F091F972
:10673000F2E7037B2BB901220189406805F089F952
:10674000EAE700220189406805F083F9E4E703885D
:10675000052B0DD8037B2BB900220189406805F079
:1067600078F95EE001220189406805F072F958E08D
:10677000037B43B901220189406805F06AF90023CF
:10678000A37023804DE000220189406805F061F983
:10679000F5E70388B3F5967F0DD8037B2BB900226C
:1067A0000189406805F055F93BE001220189406804
:1067B00005F04FF935E0037B43B9012201894068B8
:1067C00005F047F90023A37023802AE00022018905
:1067D000406805F03EF9F5E70388042B12D8037BE7
:1067E00053B900220189406805F033F92388632BEF
:1067F00017D90023238014E001220189406805F0A5
:1068000028F9F3E7037B2BB901220189406805F0E1
:1068100020F9EBE700220189406805F01AF9E5E765
:1068200039B923884FF6FF72934201D00133238098
:1068300010BD0189406805F011F9F2E70388092BC2
:1068400012D8037B53B900220189406805F001F991
:106850002388C72BE5D900232380E2E701220189A1
:10686000406805F0F6F8F3E7A3F10A0292B2272A8E
:106870000DD8037B2BB901220189406805F0E9F8A6
:10688000E6E700220189406805F0E3F8E0E7A3F1BC
:10689000320292B2092A0DD8037B2BB9002201895A
:1068A000406805F0D6F8D3E701220189406805F079
:1068B000D0F8CDE7A3F13C0292B2272A0DD8037B92
:1068C0002BB901220189406805F0C3F8C0E7002216
:1068D0000189406805F0BDF8BAE7A3F1640292B2FD
:1068E000312A0DD8037B2BB900220189406805F0BD
:1068F000B0F8ADE701220189406805F0AAF8A7E7E2
:10690000963B9BB2312BA3D8037B2BB90122018983
:10691000406805F09EF89BE700220189406805F079
:1069200098F895E710B584B0EC468CE80F00069C0B
:106930009CE80F0084E80F0000212046FFF790FE3E
:1069400004B010BD30B587B0054600238DF80A307D
:10695000ADF808304368049303680393037A8DF815
:106960001430204B009302AC94E80F00FFF7DAFFDD
:106970002B690493EB6803932B7D8DF814301A4B2D
:10698000009394E80F00FFF7CDFFEB690493AB6928
:10699000039395F820308DF81430144B009394E84D
:1069A0000F00FFF7BFFFAB6A04936B6A039395F880
:1069B0002C308DF814300E4B009394E80F00FFF745
:1069C000B1FF6B6B04932B6B039395F838308DF804
:1069D0001430084B009394E80F00FFF7A3FF07B0B3
:1069E00030BD00BFDC0A0020CC0A0020BC0A002019
:1069F000AC0A00209C0A002008B500210948FFF7D6
:106A00002FFE00210848FFF72BFE00210748FFF763
:106A100027FE00210648FFF723FE00210548FFF767
:106A20001FFE08BDDC0A0020CC0A0020BC0A0020A2
:106A3000AC0A00209C0A0020044B9B78834203D0C0
:106A4000024B987000221A80704700BFCC0A0020C9
:106A5000044B9B78834203D0024B987000221A802B
:106A6000704700BFAC0A0020044B9B78834203D0E0
:106A7000024B987000221A80704700BFDC0A002089
:106A8000044B9B78834203D0024B987000221A80FB
:106A9000704700BF9C0A0020002208E0064B00213E
:106AA00003F8221003EB8203597059800132B2F5CA
:106AB000C87FF3DB704700BFEC0A0020B0F5C87F49
:106AC0000ED20B4B13F8203023B919B10B8843F0C9
:106AD00001030B80064B03EB8003B3F90200704700
:106AE00019B10B8843F001030B800020704700BFF1
:106AF000EC0A0020B0F5C87F05D2034B03F8202034
:106B000003EB800359807047EC0A002070B50546FE
:106B10000E46102007F0B2FB044605FB06F007F016
:106B2000ADFB2060E6800023238163812373257100
:106B3000204670BD60B1027B2AB9028943899A421E
:106B400004D0002000E00020C0B270470120FBE725
:106B50000120704770B5A0B10C46064672B6FFF72B
:106B6000E9FF054618B162B60125284670BD3368B5
:106B70007189327902FB0131204608F0D0F962B602
:106B8000F3E70125F1E7A0B110B5044672B6FFF7AF
:106B9000D1FF58B963890133E28893FBF2F102FB1C
:106BA000113363810023237362B610BD62B60120E6
:106BB000FBE70120704770B5F0B10D46044672B690
:106BC000FFF7B8FF064618B162B60126304670BD21
:106BD00023686189227902FB0131284608F09FF978
:106BE00063890133E28893FBF2F102FB1133638185
:106BF0000023237362B6E9E70126E7E718B310B56F
:106C0000044603680089227902FB003008F087F906
:106C1000237B3BB163890133E28893FBF2F102FBF2
:106C20001133638123890133E28893FBF2F102FB84
:106C300011339BB223816289934214BF0023012345
:106C40002373002010BD01207047000008B50346E3
:106C500009498A6842F480528A60B0F5FA4F01D936
:106C60004FF4FA430548064A026006224260DB08F8
:106C7000836004F00BFF08BD002004E0B81600207C
:106C80000030004008B5024804F034FF08BD00BFE2
:106C9000B8160020F8B50446038803F47F63057F27
:106CA000280200B294F81DC04CEA0000A67F310211
:106CB00009B294F81FE04EEA010194F82020120274
:106CC00012B294F821703A43B3F5A26F1DD00DD9DA
:106CD000B3F5AA6F27D0B3F5C06F15D12048FFF7E1
:106CE000B9FC04F11C00FFF763FC0DE0B3F5887FED
:106CF00006D0B3F5447F07D1C0B200F043FE03E0F5
:106D0000D2B280B2FFF7F6FEF8BD4FEA0C4C4CEA67
:106D1000056C4CEA062C4EEA0C00FFF7BBFA00208B
:106D2000FFF796FEF0E7FEF781FA8542ECD1637F2C
:106D3000012B08D0022B0CD0002BE5D166210020BE
:106D4000FEF77EFBE0E7074B19680120FEF778FBB2
:106D5000DAE740F203110220FEF772FBD4E700BF2E
:106D600075540008301100202DE9F04F95B0002532
:106D7000CB4B1D7002F0A6FC02F014F9FEF7E6FE04
:106D8000FFF7AEFAFFF788FEC64801F0A5FC032125
:106D9000C548FEF735FE0320FEF742FA00F0B8FDC5
:106DA0000722C249C248FEF7C7F900F063FC01F0B0
:106DB000F1FF40F6B830FFF749FF01F047F901F065
:106DC00089FD00F0DDFAFFF7E7FB4FF4005306936F
:106DD000B84E059601248DF81C404FF400730993BA
:106DE000B54B08938DF828404FF480720C920B93AA
:106DF0008DF8344008230F93B04B0E938DF840402C
:106E00004FF48043129311968DF84C4005A8FFF77C
:106E100099FD0220FFF728FE2046FFF719FEADF886
:106E200004504FF00A0AADF806A08DF808408DF81E
:106E30000A404FF4FA78ADF8108002278DF80970F7
:106E40008DF80B5001A8FEF7A5FBADF804404FF0FC
:106E50000B09ADF806908DF808408DF80A40ADF8A2
:106E6000108003238DF809308DF80B5001A8FEF730
:106E700091FBADF804704FF00C0BADF806B08DF837
:106E800008408DF80A40ADF8108004238DF80930D1
:106E90008DF80B500DEB0300FEF77CFB8022314692
:106EA0002846FFF7B5FA402231462046FFF7B0FAF0
:106EB0002A4678212520FFF7BDFA2A4667211120AE
:106EC000FFF7B8FA2A4668211220FFF7B3FA2A46DC
:106ED00069211A20FFF7AEFA2A466A211B20FFF724
:106EE000A9FA2A466B215846FFF7A4FA2A466C21D4
:106EF0000D20FFF79FFA2A466D210E20FFF79AFA20
:106F00002A466E211F20FFF795FA224664211C2095
:106F1000FFF790FA224665211320FFF78BFA2246ED
:106F200066211020FFF786FA224672215046FFF7AD
:106F300081FA224673210F20FFF77CFA2246742142
:106F40004846FFF777FA224675210720FFF772FAC5
:106F500022466F212046FFF76DFA224670213846FF
:106F6000FFF768FA4FF47A717820FEF7CFF940F610
:106F7000B8315020FEF7CAF940F6B8315120FEF77B
:106F8000C5F940F6B8315220FEF7C0F940F6B831E5
:106F90005320FEF7BBF940F6B8315A20FEF7B6F998
:106FA00040F6B8315B20FEF7B1F940F6B8315C200D
:106FB000FEF7ACF940F6B8315D20FEF7A7F940F6D0
:106FC000B8316420FEF7A2F940F6B8316520FEF72B
:106FD0009DF940F6B8316620FEF798F940F6B831D1
:106FE0006720FEF793F940F6B8316820FEF78EF976
:106FF00040F6B8316920FEF789F940F6B8316A20C9
:10700000FEF784F940F6B8316B20FEF77FF940F6C1
:10701000B8316C20FEF77AF940F6B8316D20FEF7F2
:1070200075F940F6B8316E20FEF770F940F6B831C8
:107030006F20FEF76BF940F6B8317020FEF766F965
:1070400040F6B8317120FEF761F940F6B831722090
:10705000FEF75CF940F6B8317320FEF757F940F6B9
:10706000B8317420FEF752F940F6B8317520FEF7BA
:107070004DF940F6B8315620FEF748F940F6B831E0
:107080005520FEF743F940F6B8316220FEF73EF98D
:1070900040F6B8316320FEF739F915B0BDE8F08F3E
:1070A0002D11002078150020C8160020F0160020B1
:1070B000381700200008004800040048001C004861
:1070C00000B58BB0012000F077FB00F01BF900F059
:1070D000BBF9FEF75FFB01224FF402710B20FFF7B3
:1070E00009FDFEF7FDFA02F093FB01A8FEF7C5F8D3
:1070F0000128F8D101A8FFF7CDFDF6E700B583B070
:107100006846FFF755F89DF803300A4A12789A420C
:1071100006D1094A13680133136003B05DF804FB1C
:10712000044A137001F0BAFE00F03AFC01F062F973
:10713000EFE700BF2C1100203011002008B510B17E
:10714000012805D008BD0129FCD100F09FF9F9E71D
:10715000012904D000F09EFF00F08AF9F2E700F068
:10716000ADFF054B1B78012BECD10020024B1870B2
:107170000146FEF72EF9E5E72D11002008B50B2892
:1071800006D00C2807D00A2801D100F08BF908BDE1
:1071900000F05AF9FBE70A4B1B7843B1012BF6D1FB
:1071A0000020074B18700146FEF713F9EFE7044B78
:1071B00001221A704FF416710220FEF70AF9E6E771
:1071C0002D110020022802D0042800D0704708B5F5
:1071D00001F07AFE08BD000008B5C0F16400FDF7BB
:1071E000B1FA3BA3D3E90023FDF740FCFDF76EFDA8
:1071F00000EE100A09F0F0F9DFED2F7A60EE277A41
:1072000017EE900AFDF7B0FA27A3D3E90023FDF7A4
:107210002DFCFDF75BFD07EE900A284B1860B0EEE1
:10722000087A77EEC77A264BC3ED007AF5EEC07A7E
:10723000F1EE10FA35D4224B93ED007ADFED217A8E
:10724000B4EEE77AF1EE10FA01DDC3ED007A1C4BE3
:107250001868FDF789FA16A3D3E90023FDF7DCFAD5
:1072600000224FF08043FDF721F9FDF72FFD07EED7
:10727000900A154B1860B2EE047A67EE877A17EE23
:10728000900AFDF771FA41EC100B09F0DFF951ECAF
:10729000100BFDF7D3FC00B20C4B188000F004FB80
:1072A00008BD00221A60C6E7182D4454FB2109408E
:1072B000176CC1166CC1B63F00003443401100206A
:1072C0003C1100200000B44238110020361100208B
:1072D00033333333336359407047000008B500201F
:1072E000FFF77AFF044B01221A700023034A138030
:1072F000034A138008BD00BF34110020461100204E
:107300004411002010B5012204210F4804F0A1FB14
:107310000E4C01224FF48051204604F09AFB0022CB
:107320004FF40061204604F094FB00224FF480618A
:10733000204604F08EFB01220821054804F089FB59
:10734000FFF7CCFF10BD00BF000C0048000800484C
:107350000004004810B550280AD9074B50221A8063
:10736000054C2088FFF738FF2288044B1A8010BD97
:10737000014B1880F4E700BF4411002046110020A3
:10738000074B084A1A63084ADA6205221A804FF04E
:107390007F52DA60054A1A61054A5A61704700BF98
:1073A0004811002000000C42000030C10AD7233CE5
:1073B0000000504108B5042807D8DFE800F0030AB0
:1073C00015242E00194B00221A70194B00221A8026
:1073D00008BD0020174B1880FFF7BCFFFFF77EFFAA
:1073E000124B01221A70F0E71348FEF78BFE46207D
:1073F000104B1880FFF7AEFF104B114A1A600B4B71
:1074000002221A70E1E70F4B00221A800B4B0C4A44
:107410001A60064B03221A70D7E70920054B188023
:10742000FFF798FF014B04221A70CEE78811002065
:107430008411002086110020481100207C110020BA
:10744000000048438211002008B5074B01221A7042
:10745000064B1B883B2B03D81046FFF7ABFF08BD3C
:107460000320FFF7A7FFFAE7891100208011002011
:1074700008B5054B1B78033BDBB2012B00D908BDD7
:107480000220FFF797FFFAE78811002008B5044BA8
:107490001B78012B00D008BD0220FFF78BFFFAE715
:1074A0008811002008B500200A4B1870FFF782FFF2
:1074B000094B1B88312B05D85020074B1880FFF74C
:1074C00049FF08BD0020044B1880FFF743FFFFF77A
:1074D00005FFF6E789110020861100201B4B1B8851
:1074E000042B03D80133194A1380704700B583B0C9
:1074F000164B01221A800DF106017120FFF7DEFA0A
:10750000FDF720F90022124BFDF7B0FAFDF7DEFB84
:1075100000EE100A0F4BD3ED007A30EE670A0E48EA
:10752000FEF7F3FDBDEEC00A10EE103A1BB21433A5
:107530001BB2372B03DC082B02DC092300E03723C6
:10754000064A138003B05DF804FB00BF82110020DF
:10755000000024407C1100204811002086110020EA
:1075600000B583B00DF106017120FFF7A7FA3B4B80
:1075700083FB0023C017C0EBA30080B2384B1880F8
:10758000384B1B8842F20F72934202D80133354ABE
:107590001380354B1B78042B08D8DFE803F0030F6A
:1075A00018344700314B1B78012B02D003B05DF833
:1075B00004FB2F4B1888FFF7CDFEF7E72B4B1B780A
:1075C000012BF3D12A4B1888FFF7C4FEEEE7FFF733
:1075D00085FF264B1B78012B0CD0214B1B88C82B19
:1075E0000DD8204B1B88B3F5E16FDFD30320FFF7E5
:1075F000E1FEDBE71E4B1888FFF7ACFEEDE703204A
:10760000FFF7D8FEEDE7FFF769FF184B1B78012B5A
:1076100007D0134B1B888B2BC8D80420FFF7CAFE5A
:10762000C4E7134B1888FFF795FEF2E7A0280CD8A3
:107630000B4B1B884F2B0CD90C4B1B78012BB5D156
:107640000B4B1888FFF786FEB0E70320FFF7B2FE6A
:10765000EEE70120FFF7AEFEEEE700BF6766666665
:107660008011002084110020881100208911002041
:1076700086110020054B60221A6000225A609A6031
:10768000DA601A615A619A61704700BF8C1100205C
:1076900010B5044610F0010F32D001224FF4805192
:1076A0002C4804F0D6F914F0020F30D001224FF428
:1076B0000051284804F0CDF914F0040F2ED0012217
:1076C0004FF48041234804F0C4F914F0080F2CD083
:1076D000012204211F4804F0BCF914F0100F2AD035
:1076E00001224FF480611B4804F0B3F914F0200F1D
:1076F00028D001224FF40061164804F0AAF910BD09
:1077000000224FF48051134804F0A3F9CBE7002284
:107710004FF400510F4804F09CF9CDE700224FF4DC
:1077200080410C4804F095F9CFE700220421094874
:1077300004F08FF9D1E700224FF48061054804F08E
:1077400088F9D3E700224FF40061024804F081F980
:10775000D5E700BF0004004808B530B10122082178
:107760004FF0904004F075F908BD002208214FF059
:10777000904004F06EF9F7E708B530B1012204211A
:107780004FF0904004F065F908BD002204214FF04D
:10779000904004F05EF9F7E708B530B1012202210C
:1077A0004FF0904004F055F908BD002202214FF03F
:1077B000904004F04EF9F7E708B528B101222021E6
:1077C000044804F046F908BD00222021014804F0D5
:1077D00040F9F8E70004004838B504460121144890
:1077E00004F030F9002C03DB642C02DD642400E09B
:1077F00000244FF46B7303FB04F40E4B83FB042350
:10780000E417C4EB63140C4D6C600C4C042120464F
:1078100005F086FE04222946204605F039FD20B9F0
:107820000421064805F0E0FD38BD01F00DFDF7E745
:10783000000400481F85EB518C11002048160020E1
:1078400038B504460121144804F0FCF8002C03DB91
:10785000642C02DD642400E000244FF46B7303FB0E
:1078600004F40E4B83FB0423E417C4EB63140C4DA8
:107870006C600C4C0021204605F052FE0022294687
:10788000204605F005FD20B90021064805F0ACFDB5
:1078900038BD01F0D9FCF7E7000400481F85EB5123
:1078A0008C1100204816002038B5044601211448E8
:1078B00004F0C8F8002C03DB642C02DD642400E033
:1078C00000244FF46B7303FB04F40E4B83FB04237F
:1078D000E417C4EB63140C4D6C600C4C082120467B
:1078E00005F01EFE08222946204605F0D1FC20B9ED
:1078F0000821064805F078FD38BD01F0A5FCF7E742
:10790000000400481F85EB518C1100204816002010
:107910000F4B5A221A8000230E4A13800E4A3F2131
:1079200011800E4A022111700D4A13800D4A1380F6
:107930000D4A13800D4A13800D4A13800D4A1360BF
:107940000D4A13700D4A13800D4A1370704700BF23
:10795000CC110020D4110020D2110020D011002021
:10796000CE110020B6110020CA110020C81100203D
:10797000B4110020B0110020AE110020AC11002085
:10798000A8110020012802D0034B19807047034B37
:1079900001221A70F8E700BFAC110020AE110020E0
:1079A0000023034A1380034A1370034A137070477D
:1079B000B4110020AE110020D111002010B5002418
:1079C000034B1C802046FFF763FE024B1C8010BD5A
:1079D000D4110020CE11002000231946184605E0DE
:1079E0000F4A32F81C2011440133DBB2052B09D8B1
:1079F0009C460C4A12881A4112F0010FF0D0013057
:107A000000B2EDE700EB80004300074A1380074B0C
:107A1000A3FB0131C1F3CF01054B1980704700BFB3
:107A2000BC110020D4110020CE110020CDCCCCCC34
:107A3000B811002008B51D4BB3F90030362B20DCFF
:107A40001B4B1B88BBB91A4A138843F040039BB2F7
:107A500013805B081380164B1888164A1288104052
:107A600080B21880C0B2FFF713FEFFF7B5FF08BD64
:107A70005B000F4A13800E4B1B8813F0200FF7D0CA
:107A8000E1E70B4B1B885BB9094A13885B009BB28B
:107A9000138043F001031380DDE75B08044A138081
:107AA000034B1B8813F0010FF7D0EDE7AA1100205C
:107AB000D4110020D211002008B5194BB3F90030C1
:107AC000362B1CDC174B1B889BB9164A13885B00AE
:107AD0001380144B1888144A1288104080B2188002
:107AE000C0B2FFF7D5FDFFF777FF08BD5B000D4A79
:107AF00013800C4B1B8813F0200FF7D0E5E7094BE0
:107B00001B883BB9074A13885B081380E1E75B08D1
:107B1000044A1380034B1B8813F0010FF7D0F1E7E1
:107B2000AA110020D4110020D211002010B5C0F1FC
:107B30000A02244BB3F900309A4211DA224A138820
:107B4000013313800023214A1380214A13701E4BF6
:107B50001B88072B1ED81D4B1B88072B22D810BD56
:107B600040420133984205DC0023174A1380174A2C
:107B70001380ECE7154A138801331380124B00225F
:107B80001A80144BB3F90030002BE0D1104B0222C5
:107B90001A70DCE700240C4B1C80FFF74BFF0C4BEA
:107BA0001C70D8E70024094B1C80FFF785FF084BA9
:107BB0001C70084BB3F90030002BD0D1044B0222CB
:107BC0001A70CCE7B6110020CA110020C81100209D
:107BD000D0110020CE1100202DE9F04784B0012003
:107BE000FDF7D6FAFCF7AEFDC5A3D3E90023FCF7F9
:107BF00013FEFDF74BF84FF47A7505FB00F39B0875
:107C0000C14EA6FB0323C3F38F03C04C2380022085
:107C1000FDF7BEFAFCF796FDB9A3D3E90023FCF704
:107C2000FBFDFDF733F805FB00F39B08A6FB0323E0
:107C3000C3F38F0363800320FDF7AAFAFCF782FDEC
:107C4000AFA3D3E90023FCF7E7FDFDF71FF805FB21
:107C500000F39B08A6FB0323C3F38F03A380042038
:107C6000FDF796FAFCF76EFDA5A3D3E90023FCF718
:107C7000D3FDFDF70BF805FB00F39B08A6FB0323E0
:107C8000C3F38F03E3800520FDF782FAFCF75AFD6A
:107C90009BA3D3E90023FCF7BFFDFCF7F7FF05FB2F
:107CA00000F39B08A6FB0323C3F38F032381062065
:107CB000FDF76EFAFCF746FD91A3D3E90023FCF72C
:107CC000ABFDFCF7E3FF05FB00F39B08A6FB03639A
:107CD000C3F38F036381FFF77FFE01228C4B19787A
:107CE0005020FEF707FF8B4C0122B4F90010512001
:107CF000FEF700FF0122884BB3F900105220FEF777
:107D0000F9FEB4F900400DF10E010B20FEF7D6FE8E
:107D100004FB00F0814B83FB0023C017C0EBA300E2
:107D200005FB00F07E4BA3FB00307E4A136803EB9B
:107D3000D0231360AB4207D97B490A8801320A80FD
:107D4000A3F57A73774A1360764B1B68B3F57A7F95
:107D500007D975490A8801320A80A3F57A73714AF6
:107D600013600122704BB3F900105320FEF7C2FEDE
:107D700001A8FEF71DFA9DF808707B1FDBB2032BEC
:107D800000F2E680694B46221A800023ADF80E30DF
:107D90000DF10E017820FEF791FE80460DF10E01E7
:107DA0006E20FEF78BFEDFF8749189FB0023C0176D
:107DB000C0EBA3005E4B18800DF10E010A20FEF708
:107DC0007DFE04460DF10E010D20FEF777FE0646FE
:107DD00089FB0023C517C5EBA3052DB20DF10E01DC
:107DE0000E20FEF76BFE89FB0029C317C3EBA90326
:107DF0000FFA83F90DF10E012D20FEF75FFE82468A
:107E0000BDF80E30002B40F0A780622C05DD25B9AF
:107E10000123484A1370484A13705F2C04DD464B17
:107E20001B78012B00F09E802A2C0CDD3B1FDBB25F
:107E3000052B08D89DF80430083BDBB20C2B02D888
:107E40003E4B01221A70272C09DD043FFFB2052F9B
:107E500005D89DF80430083BDBB20C2B02D9374B18
:107E600000221A704FF40041354803F0EBFD012861
:107E70007CD00121334803F0E5FD00287CD00420AC
:107E8000FDF7DAF900287FD0B8F5257F80F28280EF
:107E9000274BB3F90020254BB3F900309A427FDC21
:107EA0005E2C0ADC234B00221A70274BB3F90030FA
:107EB0001BB9224B1B78002B78D01E4B1B78012B53
:107EC0007AD01E4B1B78012B00F092801E4BB3F929
:107ED0000030002B00F0A680174A1278002A40F0EC
:107EE000A180002B40F398805B42184A13804846DB
:107EF000FFF71CFE064B0A221A7042E0AFF3008027
:107F00000000000000E2E93F310CC330BC1100204A
:107F1000D0110020CE110020B811002067666666DF
:107F2000C5B3A291B0110020B4110020CC110020E3
:107F3000AA110020D1110020AE110020A8110020AC
:107F40000008004800040048AC110020B6110020D1
:107F5000374B5A221A8018E7364B07221A70FFF760
:107F60002DFD0EE0344B01221A705DE7314B0522E6
:107F70001A70FFF723FD04E02E4B04221A70FFF75E
:107F80001DFD04B0BDE8F0872A4B08221A70FFF7E8
:107F900015FDF6E7274B06221A70FFF70FFDF0E7F5
:107FA000244B01221A70FFF709FDEAE7214B032257
:107FB0001A70FFF703FD80E7602C0DDD132E13DC34
:107FC00042F20F739A4503DD1C4B5F221A8007E0D3
:107FD0001A4B00221A8003E0184B4FF6FE721A80EB
:107FE0004846FFF7A3FDCCE7144B0F221A80F7E7B2
:107FF000134BB3F90030362B3FF768AF114B18889D
:1080000000F03800104B1880FFF742FBFFF7E4FC4C
:10801000084B0B221A70B4E7064B03221A70FFF7C5
:10802000CDFCAEE7034B03221A70FFF7C7FCA8E7AD
:10803000CC110020D0110020D1110020B611002059
:10804000AA110020D2110020D41100200023094AD7
:108050001370094A1370094A1370094A06211170F6
:10806000084A1370084A1370084A1360084A1370CC
:10807000704700BFEC110020EA110020EB11002036
:10808000E8110020E9110020E4110020E011002097
:10809000D611002008B5074B1B7813B9064B1B7887
:1080A00003B908BD034B01221A701E210220FDF7FF
:1080B00090F9F6E7D6110020EC11002008B5064B28
:1080C0001B78012B00D008BD0020034B187001461F
:1080D000FDF77FF9F7E700BFD61100202DE9F04F3B
:1080E00087B00023ADF816300DF116016420FEF7BD
:1080F000E5FC0546B64E86FB00234FEAE079C9EB66
:10810000A3090DF116017120FEF7D8FC824686FB0B
:1081100000234FEAE078C8EBA3080DF116016520B3
:10812000FEF7CCFC07460DF116016620FEF7C6FCF3
:1081300004460DF116016720FEF7C0FC02900DF118
:1081400016017520FEF7BAFC0DF116016E20FEF740
:10815000B5FC01900DF116016920FEF7AFFC86FB1E
:108160000036C317C3EBA606BDF81610002976D15A
:108170000FFA89F90FFA88F8834636B2E71BBAB2CC
:108180003BB20393934B1B78013BDBB2012B23D90A
:10819000914A13680B441360904AA2FB0323DB0A45
:1081A0008F4F3B80012209B26220FEF7A3FC01221F
:1081B000B7F900106320FEF79DFC854B83FB042379
:1081C000E417C4EBA30424B2824B1B78032B10D812
:1081D000DFE803F00958729002EB4203C2EBC302DE
:1081E000920091B2D4E77F4B00221A70B5F5167F4A
:1081F00038DA7D4B00221A70019BB3F5707F02DBE9
:10820000794B01221A7040F265339D4202DD764BB4
:1082100002221A706F4B1B78013BDBB2012B40F23C
:108220008D80714B1B78022B00F09B80032B00F09C
:108230009F80012B40F0A3800220FEF721FC01204B
:10824000FEF7FAFB694A138801339BB21380664A32
:10825000127822B95F4A1278022A00F0978007B09C
:10826000BDE8F08F4FF6FF7201210020FDF792F874
:108270000120FFF771FA5E4B00221A60554B012274
:108280001A70B6E7029BB3F5FA7F02DB514B02226C
:108290001A70B5F5FA7FACDA554B1B683C2BA8D9A0
:1082A0000020FFF759FA012200210846FDF772F875
:1082B000484B00221A709CE740F24B439A4598DCE9
:1082C000039B092B95DC40F251339D4291DC484BD6
:1082D0001B683C2B8DD90020FFF73EFA0020FEF7EB
:1082E000CFFB012200210846FDF754F8394B032249
:1082F0001A707EE740F24D239D420BDC354B002285
:108300001A70B5F52F7FFFF674AF0236B1457FF7CF
:1083100070AF03E040F265339D42F2DD4FF6FF722D
:1083200001210020FDF736F80120FFF715FA304B48
:1083300000221A60274B01221A705AE72C4A136850
:1083400001331360B5F5437FFFF66BAF0334A145EE
:108350007FF767AF3C2B7FF664AF234B03221A7085
:108360005FE70320FEF78CFB0220FEF765FB69E761
:108370000320FEF785FB0320FEF75EFB62E700208B
:10838000FEF77EFB0020FEF757FB5BE73C2B7FF6FA
:1083900066AF164B00221A80A8F17E081FFA88F8F3
:1083A000B8F1170F0FD8BBF52F7F0CDA0D4B1B78E8
:1083B000022B3FF654AF0520FEF762FB094A137803
:1083C000013313704BE7074B00221A7047E700BFD9
:1083D00067666666EC110020E0110020C5B3A2912B
:1083E000DC110020E4110020EB110020E611002038
:1083F000D81100200023024A1360024A13807047FC
:10840000E0110020DC1100202DE9D0430020FCF712
:10841000BFFE0446FCF796F932A3D3E90023FCF72C
:10842000FBF900222C4BFCF741F821A3D3E90023F0
:10843000FCF7F2F902460B461FA1D1E90001FCF757
:1084400033F81FA3D3E90023FCF710FB80468946CD
:108450000022224BFCF7E0F906460F4642464B4607
:1084600019A1D1E90001FCF71FF802460B4630467E
:108470003946FCF7FBFA0022184BFCF715F814A359
:10848000D3E90023FCF7C8F9FCF7D8FB01B2144B81
:10849000198014B1B4F5805F05D100227120FEF778
:1084A00029FBBDE8D08301227120FEF723FBF8E70A
:1084B000000000000088C3407E67A3DE48DD9941CC
:1084C0000000000000F3E6400000000000E2A940C8
:1084D000E17A14AE47E1044000004E4000408F4076
:1084E000EE1100200000000000E2E93F10B50C464C
:1084F000002308E01E4901EB8C029480012201F860
:108500002C2010BD0133312B17DC03EB430C184A30
:1085100002EB8C0252888242F4D1002CEAD1144939
:1085200003EB43024FEA820E01EB82024FF0000C94
:10853000A2F804C001F80EC0E4E7002300E0013314
:10854000312BDEDC03EB4302094911F82220002A1B
:10855000F5D1002CF3D003EB430201EB82025080F3
:10856000948003EB4303012201F82320C9E700BFF5
:10857000F811002008B5074B1878012808D001220F
:108580001A700A220449054B186805F0D7F8002034
:1085900008BD00BF541400205814002050140020BF
:1085A00010B582B004460023ADF806300DF1060187
:1085B000FEF784FABDF80620013A18BF0122094BE4
:1085C0000221197021215970210A9970DC70011261
:1085D0001971587100219971DA71FFF7CBFF02B060
:1085E00010BD00BF5814002008B5084B06221A70B1
:1085F00010225A7001684268C3F80210C3F80620BE
:1086000003229A70FFF7B6FF08BD00BF5814002080
:1086100038B52B4A1178537843EA01231BB291787D
:10862000D07840EA012000B21479517941EA04215E
:1086300040F22272934231D00DB211DCB3F5C06F1B
:1086400036D040F2137293421FD0B3F5907F15D10C
:10865000C243D20F2946C0F30E00FEF74BFA0DE0DD
:1086600040F2247293421DD040F27772934205D1BA
:10867000144B01221A70144B00221A800A2210494E
:10868000124B186805F0CAFD38BD84B2A9B2204665
:10869000FFF72CFF2046FFF783FFEFE7C0B2FFF79D
:1086A0008BF8EBE7FFF798F82846FFF7C9F8E5E7FE
:1086B0000748FDF7CFFF0748FDF77AFFDEE700BF69
:1086C00064140020F4110020F21100205014002046
:1086D000E98500086614002008B5084B18600023DF
:1086E000074A1370074A1370074A1370074A13703A
:1086F0000A22074905F092FD08BD00BF5014002072
:10870000561400205514002054140020F4110020A9
:10871000641400202E4A13880A339BB2138040F65B
:10872000B832934202D92B4B00221A70294B1B7886
:10873000002B4BD070B5284A13880A339BB21380A4
:10874000B3F57A7F01D8002316E0134600221A8081
:10875000FCF77FFD012201B21046FEF7CBF90120A4
:10876000FFF71EFFEFE703EB43011C4A02EB810218
:10877000D1880A31D1800133312BF4DD002400E0AF
:108780000134312C21DC04EB4403144A12F8233069
:10879000012BF5D104EB4402104B03EB82039B88C1
:1087A000002BEDD011460D4A02EB8102D288934294
:1087B000E6D80A4D660005EB81035888FFF7F0FE06
:1087C000264405EB86050023EB8070BD704700BF93
:1087D000F2110020F4110020F0110020F811002007
:1087E000044B1B68834200D07047034B00221A7071
:1087F000FAE700BF501400205414002008B5064BBF
:108800001B68834200D008BD0123044A1370044A48
:108810001370FFF7FDFEF6E75014002055140020FA
:108820005614002010B50024054B1C702046FEF79E
:10883000B3FF012221462046FCF7ACFD10BD00BF6E
:108840007914002010B50B4B41221A70632800D810
:108850001870084B1878FEF7BFFF0124064B1C70F8
:108860004FF6FF7221460020FCF794FD2046FEF7EC
:1088700093FF10BD771400207914002010B5002458
:10888000054B1C702046FEF777FF0122214620464B
:10889000FCF780FD10BD00BF7814002010B50B4B15
:1088A00041221A70632800D81870084B1878FEF718
:1088B000C7FF0124064B1C704FF6FF7221460020B3
:1088C000FCF768FD2046FEF757FF10BD7614002028
:1088D0007814002010B5D7230F4A13800F4A138055
:1088E0000F4A13800F4BC3221A800F4B14221A8099
:1088F0000E4B05221A800E4B13221A800D4B0622B6
:108900001A803C200C4B18700C4C2070FEF764FF52
:108910002078FEF795FF10BD8C1400208A140020EB
:108920008814002086140020841400208214002063
:10893000801400207E14002077140020761400207C
:108940002DE9F04F8BB008A8FDF732FC9DF8209080
:108950000023ADF81E300DF11E017C20FEF7AEF8AD
:1089600007460DF11E016F20FEF7A8F801900DF1EA
:108970001E017E20FEF7A2F880460DF11E01722036
:10898000FEF79CF80290BDF81E301BB917B1B8F184
:10899000000F06D1FFF772FFFFF744FF0BB0BDE8F1
:1089A000F08F0DF11E016920FEF788F805460DF1E4
:1089B0001E016A20FEF782F806460DF11E016B20AB
:1089C000FEF77CF804460DF11E016C20FEF776F8E8
:1089D00082460DF11E016D20FEF770F883460DF101
:1089E0001E016E20FEF76AF804900DF11E01712041
:1089F000FEF764F805900DF11E017F20FEF75EF88A
:108A00000390AA4800230380354405EBD5756B100D
:108A1000A3F5967303EB431203EB8203A44A82FB94
:108A20000351DB17C3EBA1030380264406EBD67684
:108A30007610A6F5967606EB461106EB810682FBCC
:108A40000651F617C6EBA10616FA83F39DB2058010
:108A5000544404EBD4746110A1F59671652303FBB3
:108A600001F182FB0134CB17C3EBA4032B4419B2F1
:108A70000180904C21800AEB0B0000EBD07040107D
:108A8000A0F5C8706C2505FB00F082FB0065C017DF
:108A9000C0EBA50010FA83F39BB2238004985844DE
:108AA00000EBD0704010A0F5C8702E2505FB00F03B
:108AB00082FB0052C017C0EBA200034423800122B6
:108AC0005620FEF717F80122B4F900105520FEF7E2
:108AD00011F8794B1D88794B1C88794B1B88994577
:108AE00005D3784B1B88994501D2774B1D88774B6E
:108AF0001B88994505D3764B1B88994501D2754B48
:108B00001C88754B1B78002B00F0AB80734A1388D0
:108B100001331380654BB3F90030002B40F39B8089
:108B2000A84580F29B806E4B1B78002B00F0E680FE
:108B30006C4A1388013313805C4BB3F90030002B6F
:108B400040F3AA802646A74280F2A980059BB3F590
:108B5000966F03DB143EB74280F2A480624B4FF461
:108B6000A5721A80039B002BC0F2EC80A5EB0805D0
:108B7000C5EB05155C4B1A881544ADB21D80B5F5E3
:108B8000167F02D94FF416721A80584A4FF4BE73FA
:108B90001380E41B04EB8404630003F5BE739BB2F3
:108BA0001380B3F5F07F03D913464FF4FA721A809D
:108BB0004A4B1B88282B1FD94D4AA2FB03121209CE
:108BC000C2EB0212A3EB42039BB2ABB9464B1B882C
:108BD0000A3B029A9A4204DA464B1B78632B40F216
:108BE000B880414B1B880A33029A9A4204DD414BFC
:108BF0001B783C2B00F2B4803A4B1B88282B7FF665
:108C0000CDAE3B4AA2FB03121209C2EB0212A3EB48
:108C100042039BB2002B7FF4C1AE344B1B880A3B4E
:108C2000019A9A4204DA344B1B78632B40F29F80FE
:108C30002E4B1B880A33019A9A427FF7AFAE2E4B18
:108C40001B783C2B7FF6AAAE013BD8B22A4B18709A
:108C5000FEF7F6FDA2E6FFF7E5FD61E7FFF7E2FDAF
:108C600061E71E4B00221A80104BB3F90030B3F5B8
:108C7000967FFFF658AF6B1E43457FF754AF0C4B02
:108C800083FB0A234FEAEA70C0EBA300C0F1870020
:108C9000C0B2FFF7D7FD46E7FFF7F0FD52E7FFF759
:108CA000EDFD53E7FFF7EAFD58E700BF7C14002015
:108CB000676666667A140020861400208A140020F5
:108CC0007E140020801400208814002082140020CC
:108CD000841400208C1400207914002074140020C7
:108CE0007814002072140020701400206E140020EC
:108CF0008988888877140020761400201F4B002272
:108D00001A801F4BB3F90030B3F5487FFFF626AF4A
:108D1000631EBB427FF722AF059BB3F5966F04DB62
:108D2000A4F114029742BFF619AF164B83FB0A2336
:108D30004FEAEA70C0EBA300C0F18200C0B2FFF7B7
:108D4000ADFD0BE703EBD3735B10D31A0E4A138010
:108D50000CE70133D8B20D4B1870FEF73DFD40E72C
:108D6000013BD8B2094B1870FEF736FD44E70133DA
:108D7000D8B2074B1870FEF763FD59E77214002054
:108D80007C1400206766666670140020771400204B
:108D9000761400200023054A1380054A1380054AF3
:108DA0001360054A1360054A13707047A21400202F
:108DB000A0140020A8140020A41400208E14002069
:108DC00008B52E4B1B682E4A1268934217D12D4AC4
:108DD0001368013313602C4AB2F90020002A1EDD0B
:108DE00044F2506191FBF2F2B3EB420F17D900212C
:108DF000254B198001225A20FDF77CFE0FE0204A06
:108E00001360204B1A6844F25061B1FBF2F11E4A24
:108E1000118000221A6001225A20FDF76BFE1B4BC5
:108E20001B681B4A1268934217D11A4A1368013310
:108E30001360194AB2F90020002A1EDD44F2506185
:108E400091FBF2F2B3EB420F17D90021124B1980BC
:108E500001225B20FDF74EFE0FE00D4A13600D4B23
:108E60001A6844F25061B1FBF2F10B4A1180002202
:108E70001A6001225B20FDF73DFE08BDA81400200A
:108E80009C14002094140020A2140020A41400209C
:108E90009814002090140020A014002010B5002188
:108EA000074B1960074C216001225C20FDF722FE70
:108EB0000122B4F900105D20FDF71CFE10BD00BFBB
:108EC000A8140020A414002010B50446022802D0E3
:108ED000042C0AD010BD0A4B196803311960012215
:108EE00009B25C20FDF706FEF2E7064B1968033174
:108EF0001960012209B25D20FDF7FCFDEAE700BF21
:108F0000A8140020A414002008B5017A007CFCF706
:108F1000C7FA08BD10B504468188006802F092FDCA
:108F2000A072237A984212D0A37B0133DBB2A373E1
:108F3000E27B934212D920720023A373A381637A48
:108F400098420BD060722046FFF7DEFF06E0A3894F
:108F50004FF6FF72934201D00133A38110BD000090
:108F600084B038B504AC84E80F009DF824E08DF897
:108F700020E00B4D0EEB8E034FEA830CAC440FCC7C
:108F8000ACE80F002368CCF800300EEB8E0E4FEAF1
:108F90008E002844FFF7BEFFBDE8384004B070479C
:108FA000AC14002030B589B000238DF814308DF852
:108FB00016308DF81530ADF818308DF81A301422AF
:108FC0008DF81B204FF090420392012504950193E8
:108FD000079B009303AC94E80F00FFF7C1FF0F4B12
:108FE0000393082304930195079B009394E80F00D3
:108FF000FFF7B6FF8DF814508DF816508DF8155008
:109000004FF40073049302230193079B009394E8A9
:109010000F00FFF7A5FF09B030BD00BF00080048F2
:10902000022801D90020704700EB8000024B03EBBF
:109030008003187A704700BFAC14002010B50024DC
:1090400008E004EB8402930004481844FFF762FF31
:109050000134E4B2022CF4D910BD00BFAC140020DE
:109060002DE9F0438BB000240594069407940894EE
:1090700009945B4BDA6C42F00402DA64DA6C02F0B9
:1090800004020092009ADA6C42F08002DA64DA6C30
:1090900002F080020192019ADA6C42F00102DA6475
:1090A000DA6C02F001020292029ADA6C42F00202D9
:1090B000DA64DA6C02F002020392039ADA6C42F08C
:1090C0000802DA64DB6C03F008030493049B454E4A
:1090D000224647F6C041304602F0BBFC22460E2134
:1090E0004FF0904002F0B5FC3F4F22464FF62C71F6
:1090F000384602F0AEFCDFF8F490224604214846E0
:1091000002F0A7FCDFF8E88022460821404602F082
:10911000A0FC47F6C04305930125069507940894E3
:1091200005A9304602F0AAFB48F2083305930694DD
:10913000079405A9304602F0A1FB062305934FF4DE
:1091400088130693079405A9304602F097FB05950E
:109150000694079405A94FF0904002F08FFB0E2370
:10916000059306950794089405A94FF0904002F0E6
:1091700085FB05950694079405A9384602F07EFB09
:109180004FF62C73059306950794089405A9384665
:1091900002F074FB0423059306950794089405A92F
:1091A000484602F06BFB082605960695079408943E
:1091B00005A9404602F062FB22460A21072002F080
:1091C000AFF9072002F0BCF922460A21304602F02E
:1091D000A7F9304602F0B4F90BB0BDE8F08300BF48
:1091E000001002400008004800040048000C00483D
:1091F000001C004800B583B0124B9A6C42F001028B
:109200009A649B6C03F001030193019B00220221ED
:109210000B2002F085F90B2002F092F900220221C6
:109220000E2002F07DF90E2002F08AF900220221C0
:109230000F2002F075F90F2002F082F903B05DF8FB
:1092400004FB00BF0010024072B6FEE708B50D48EF
:109250000D4B03600523436000238360C3604FF41C
:10926000602202614FF4401242610376012242768D
:109270008376C2760377437701F048FD00B908BDD5
:10928000FFF7E2FFC81600200064004010B596B05A
:1092900000241394149415940C940D940E940F942C
:1092A0001094119412942C22214601A805F0ABF9D8
:1092B0002C482D4B03603123436084604FF47A7354
:1092C000C36004614461846103F078FF00283DD1EC
:1092D000002313931493159313A9224804F07AF9E9
:1092E000002835D160230C9300220D920E920F922C
:1092F0001092119212920CA91A4803F0C9FF48BBB0
:1093000004220CA9174803F0C3FF28BB08220CA9AC
:10931000144803F0BDFF08BB00230193029303939D
:10932000049305934FF400520692079308934FF06D
:10933000007209920A930B9301A90A4804F082F97A
:1093400070B9084800F008FC16B010BDFFF77CFFAC
:10935000FFF77AFFFFF778FFFFF776FFFFF774FF5D
:10936000FFF772FF48160020002C014008B50B489B
:109370000B4B03604FF46143436000238360C36081
:1093800003610C2242618361C3610362436204F0A2
:10939000BCFE00B908BDFFF757FF00BF78150020DD
:1093A0000038014000B585B0002301930293039378
:1093B0000D480E4A02600422426083604FF47A72C4
:1093C000C260836103F0CAFE50B900230193039386
:1093D00001A9054804F0FEF820B905B05DF804FBCA
:1093E000FFF732FFFFF730FFFC15002000100040B0
:1093F00000B587B000230093019302930393049375
:1094000005934348434A026043608360C36001227E
:10941000026104214161037642760821C16180F82E
:1094200020308362C36280F83020436380F8383094
:1094300000F0C2FD002859D1374B00930623019359
:10944000002302937F22039204220492059369462B
:109450002F4801F011F800284AD1304B00930C231B
:10946000019369462A4801F007F8002842D12C4BA5
:109470000093122301936946254800F0FDFF002860
:109480003AD1284B0093182301936946204800F0F5
:10949000F3FF002832D1244B00934FF480730193E3
:1094A00069461B4800F0E8FF50BB204B00934FF487
:1094B000837301936946164800F0DEFF10BB1C4B16
:1094C00000934FF4867301936946114800F0D4FF6E
:1094D000D0B9184B00934FF48973019369460C4837
:1094E00000F0CAFF90B907B05DF804FBFFF7ACFECF
:1094F000FFF7AAFEFFF7A8FEFFF7A6FEFFF7A4FE00
:10950000FFF7A2FEFFF7A0FEFFF79EFEFFF79CFE0F
:109510003817002000000450020030040002B0257B
:109520000004002A0008302E00106032002090361F
:109530000040C03A0000214308B50A480A4B0360C6
:10954000002343607C22826040F2CF72C2600361DC
:1095500043618361C36103F08BFA00B908BDFFF773
:1095600073FE00BF941600200028004008B508488C
:10957000084B03600623436040F6FF73C36040F26C
:109580007713836002F082FA00B908BDFFF75CFE32
:10959000B81600200030004000B597B044220021EA
:1095A00005A805F030F8002300930193029303937C
:1095B00004934FF4007002F0ABFA30BB092305931B
:1095C0004FF48033069301230A9302230F9303225F
:1095D0001092119319221292072213921493159349
:1095E00005A802F079FB90B90F23009303210191A4
:1095F000002302934FF4806303930493684602F0C0
:10960000A1FE30B917B05DF804FBFFF71DFEFFF7B0
:109610001BFEFFF719FE000008B5114B114A9A60B6
:10962000BFF34F8FBFF36F8F62B600F075FCFFF78B
:10963000B3FFFFF715FDFFF7DDFDFFF707FEFFF7AF
:1096400025FEFFF793FEFFF7ADFEFFF7D1FEFFF714
:1096500073FFFFF78BFFFDF787FBFDF731FDFEE79B
:1096600000ED00E00042000808B5FFF7E7FC08BD88
:1096700008B5FCF70DF908BD08B5FCF7A1F8FBF734
:1096800001FEFDF7B9F9FFF745F8FFF799FBFDF784
:1096900023FEFBF79DFF08BD08B5FCF737FEFEF77C
:1096A000B3FEFBF763FD08BD08B5FEF795FAFEF7BC
:1096B00015FDFDF7E7FAFDF721FDFFF741F9FDF78D
:1096C0004FFF08BD0D4B01229A800D4B05229A8059
:1096D0000C4B0A229A800C4B32229A800B4B64224C
:1096E0009A800B4BFA229A800A4B4FF4FA729A80B6
:1096F000094B4FF47A729A80704700BFD41700204C
:10970000CC170020C4170020BC170020B41700207D
:10971000AC170020A41700209C170020344A53885F
:1097200001339BB253809288934204D3304B012281
:109730001A7000225A802F4A538801339BB25380FB
:109740009288934204D32B4B01221A7000225A8034
:10975000294A538801339BB253809288934204D3A1
:10976000254B01221A7000225A80244A5388013363
:109770009BB253809288934204D3204B01221A70EB
:1097800000225A801E4A538801339BB2538092882C
:10979000934204D31A4B01221A7000225A80194AAC
:1097A000538801339BB253809288934204D3154B64
:1097B00001221A7000225A80134A538801339BB247
:1097C00053809288934204D30F4B01221A700022D7
:1097D0005A800E4A538801339BB253809288934239
:1097E00004D30A4B01221A7000225A80704700BF2E
:1097F000D4170020CC170020C4170020BC1700206D
:10980000B4170020AC170020A41700209C170020DC
:1098100008B5204B1B78F3B91F4B1B780BBB1F4BB4
:109820001B7823BB1E4B1B7813B11D4B00221A70F3
:109830001C4B1B780BBB1C4B1B7813B11A4B002223
:109840001A701A4B1B7813B1184B00221A70184B60
:109850001B78C3B908BDFFF707FF0E4B00221A7033
:10986000DAE7FFF705FF0C4B00221A70D7E7FFF786
:1098700003FF0A4B00221A70D4E7FFF70DFF094BD4
:1098800000221A70D7E7FFF70FFF094B00221A706A
:10989000E0E700BFD4170020CC170020C417002039
:1098A000BC170020B4170020AC170020A41700201C
:1098B0009C17002082B00A4B1A6E42F001021A6611
:1098C0001A6E02F001020092009A9A6D42F08052E4
:1098D0009A659B6D03F080530193019B02B0704722
:1098E0000010024070B5A0B0044600211B911C91ED
:1098F0001D911E911F915C2204A804F084FE226831
:109900003A4B9A4201D020B070BD4FF4804304938B
:109910004FF04053189304A802F0BAFE00285ED11D
:10992000334BDA6C42F40052DA64DA6C02F400521F
:109930000092009ADA6C42F00402DA64DA6C02F007
:1099400004020192019ADA6C42F00102DA64DA6CE4
:1099500002F001020292029ADA6C42F00202DA6428
:10996000DB6C03F002030393039B31231B930B2651
:109970001C9600251D951BA91E4801F07FFFF023B2
:109980001B931C961D951BA94FF0904001F076FF8C
:1099900002231B931C961D951BA9174801F06EFF0F
:1099A0001648174B036045608560C56080230361DE
:1099B0004FF4807343614FF480638361C561056236
:1099C00001F0F0FD70B90D4BE3649C6200220221AE
:1099D000122001F0A5FD122001F0B2FD93E7FFF780
:1099E00033FC9DE7FFF730FCEDE700BF00000450BB
:1099F000001002400008004800040048F016002053
:109A00000800024010B588B0002303930493059327
:109A1000069307930268204B9A4201D008B010BD0C
:109A200003F5D6339A6D42F000729A659A6D02F092
:109A300000720192019ADA6C42F00102DA64DB6C86
:109A400003F001030293029B4FF4C05303930224DB
:109A50000494032306930923079303A94FF090402E
:109A600001F00CFF00222146132001F059FD1320C4
:109A700001F066FD00220121142001F051FD1420A7
:109A800001F05EFD00220121152001F049FD1520A5
:109A900001F056FDC2E700BF0064004010B598B069
:109AA00004465C22002101A804F0ADFD22680D4BA4
:109AB0009A4201D018B010BD4FF4003301934FF417
:109AC0004073179301A802F0E3FD38B9064AD2F8B3
:109AD000903043F40043C2F89030EBE7FFF7B4FB5B
:109AE000F4E700BF00280040001002400268094B64
:109AF0009A4200D0704782B003F564431A6E42F474
:109B000000621A661B6E03F400630193019B02B0AE
:109B1000704700BF002C014002680E4B9A4200D0F3
:109B2000704700B583B003F500339A6D42F0100220
:109B30009A659B6D03F010030193019B002211466F
:109B4000362001F0EDFC362001F0FAFC03B05DF8A0
:109B500004FB00BF0010004000B587B00023019354
:109B6000029303930493059302680F4B9A4202D029
:109B700007B05DF804FB03F56443DA6C42F00102C0
:109B8000DA64DB6C03F001030093009B4FF4E063A5
:109B90000193022302930123059301A94FF0904002
:109BA00001F06CFEE4E700BF002C014070B59EB0F0
:109BB0000446002119911A911B911C911D915C2260
:109BC00002A804F020FD2268324B9A4201D01EB058
:109BD00070BD0123029302A802F05AFD002850D163
:109BE0002D4B1A6E42F480421A661A6E02F48042BD
:109BF0000092009ADA6C42F00202DA64DB6C03F045
:109C000002030193019BC023199302261A96002593
:109C10001B9503231C9307231D9319A91F4801F0CB
:109C20002DFE1F481F4B036046608560C560802382
:109C3000036145618561C561056201F0B3FC18BB34
:109C4000174B23679C621848184B0360022343603C
:109C5000102383600023C36080220261436183611B
:109C6000C361036201F09EFC88B90F4BE3669C62FE
:109C700000220221252001F053FC252001F060FC88
:109C8000A5E7FFF7E1FAABE7FFF7DEFAD8E7FFF762
:109C9000DBFAEAE700380140001002400004004807
:109CA0003015002058000240E81400204400024013
:109CB000FEE7FEE7FEE7FEE7FEE770477047704706
:109CC00008B500F039F9FFF729FD08BD08B50220F5
:109CD00001F0CEFE08BD08B5042001F0C9FE08BDA4
:109CE00008B5024801F068FD08BD00BFF01600206D
:109CF00008B5024801F060FD08BD00BFE81400206F
:109D000008B5024801F058FD08BD00BF301500201D
:109D100008B5024800F044FA08BD00BF381700201B
:109D200008B5024801F080FA08BD00BFC81600203F
:109D300008B5024801F078FA08BD00BFC816002037
:109D400008B5024801F070FA08BD00BFC81600202F
:109D500008B5024803F0C0FD08BD00BF781500201B
:109D600008B5FCF789F8024803F0F3F808BD00BF16
:109D7000FC1500200120704708B505F099F816235E
:109D800003604FF0FF3008BD08B54FF0FF31FFF71B
:109D9000F3FFFEE770B50C461646002506E0AFF36C
:109DA0000080214601F8010B01350C46B542F6DB77
:109DB000304670BD70B50C461646002504E014F818
:109DC000010BAFF300800135B542F8DB304670BDC2
:109DD0004FF0FF3070474FF400534B600020704746
:109DE000012070470020704710B503460C4A0D490A
:109DF0000D48006840B10C4800680344521A934271
:109E000006D8094A136010BD0748084C0460F2E701
:109E100005F04EF80C2303604FF0FF30F3E700BF6E
:109E20000000012000040000E01700205819002065
:109E30000E4AD2F8883043F47003C2F888300C4BD5
:109E40001A6842F001021A60002199601A6822F033
:109E5000A85222F410221A604FF48052DA601A6875
:109E600022F480221A609961704700BF00ED00E083
:109E700000100240DFF834D0FFF7DAFF002103E0E2
:109E80000B4B5B58435004310A480B4B42189A4223
:109E9000F6D30A4A02E0002342F8043B084B9A42F8
:109EA000F9D305F00BF8FFF7B7FBFEE70000012040
:109EB000F40B010800000020180200201802002006
:109EC00058190020FEE70000104B1B780BB9012049
:109ED000704710B504464FF47A70B0FBF3F30C4AA8
:109EE0001068B0FBF3F001F02FFB68B90F2C01D91B
:109EF00001200AE0002221464FF0FF3001F010FB64
:109F0000044B1C60002000E0012010BD5001002027
:109F10004C0100205401002010B5032001F0EEFA9E
:109F20000020FFF7D1FF10B10124204610BD0446E8
:109F3000FFF7C0FCF9E70000034B1B78034A1168E8
:109F40000B441360704700BF50010020E41700204D
:109F5000014B1868704700BFE417002010B4303080
:109F60000B0A9B0003F00C03C45801F01F014FF0D3
:109F70001F0C0CFA01FC24EA0C0CC2F384628A4028
:109F80004CEA0202C2505DF8044B704710B4143022
:109F90004B0E9B0003F00403C458C1F304514FF06F
:109FA000070C0CFA01FC24EA0C0C8A404CEA020271
:109FB000C2505DF8044B704730B583B00023019365
:109FC000002800F0D8800446436D13B323689A68D4
:109FD00012F0005F05D09A6822F0204222F03F0282
:109FE0009A602268936813F0805F1FD1936823F012
:109FF000104323F03F0343F0805393605F4B1B6893
:10A000009B095F4AA2FB03239B0901335B00019379
:10A0100009E0FFF767FC0023A36584F85030D5E71B
:10A02000019B013B0193019B002BF9D122689368AE
:10A0300013F0805F78D1636D43F010036365A36D07
:10A0400043F00103A3650120936813F0040300D0DB
:10A050000123616D11F0100F40F08680002B40F05D
:10A060008380636D23F4817343F002036365936817
:10A0700013F0010F0BD1434B9B6813F0010F06D176
:10A08000636841498A6822F47C1213438B60627EC4
:10A09000636B43EA4233E2681343A268134394F8C4
:10A0A000202043EA0243012A40D0A26A22B102F4EE
:10A0B0007072E16A0A4313432168CD68334A2A402B
:10A0C0001A43CA6021688B6813F0040300D001238F
:10A0D0008A6812F0080200D00122B3B9AAB9237E1F
:10A0E00094F83020520042EA8332CB6823F4804354
:10A0F00023F002031343CB6094F83830012B1AD0BD
:10A100002268136923F0010313612369012B22D014
:10A110002268136B23F00F031363636D23F00303B3
:10A1200043F00103636524E000208DE7626A013A91
:10A1300043EA4243B9E721680B696FF38A03E26B94
:10A14000256C2A43656C2A43A56C2A43134343F0CC
:10A1500001030B61D9E721680B6B23F00F03E26960
:10A16000013A13430B63D8E7636D43F01003636553
:10A17000012003B030BD0120FBE700BF4C010020EF
:10A18000632D3E05000004500003045007C0F0FF9B
:10A19000704708B5806AFFF7FBFF08BD704770473E
:10A1A00070B5044603681E685D6816F0020F10D093
:10A1B00015F0020F0DD0436D13F0100F03D1436D56
:10A1C00043F400634365204600F09FFD23680222AC
:10A1D0001A6016F0040F02D015F0040F05D116F026
:10A1E000080F3AD015F0080F37D0636D13F0100F39
:10A1F00003D1636D43F4007363652368DA6812F476
:10A20000406F24D1DA6812F4005F20D11A6812F08E
:10A21000080F1CD09A6812F0040F10D15A6822F06F
:10A220000C025A60636D23F480736365636D13F4ED
:10A23000805F0CD1636D43F00103636507E0636DDC
:10A2400043F010036365A36D43F00103A36520464B
:10A25000FAF7B0FF23680C221A6016F0200F02D024
:10A2600015F0200F05D116F0400F4CD015F0400F1F
:10A2700049D0636D13F0100F03D1636D43F40053A5
:10A2800063652368DA6C12F0C00F2AD10121DA6805
:10A2900012F4406F27D10120DA6871B312F0007F09
:10A2A00003D050B312F4005F27D1196811F0400FAA
:10A2B00023D012F4001F20D19A6812F0080F14D195
:10A2C0005A6822F060025A60636D23F4805363651C
:10A2D000636D13F4807F10D1636D43F001036365F8
:10A2E0000BE00021D3E70020D6E7636D43F01003B5
:10A2F0006365A36D43F00103A365204600F001FDF3
:10A30000236860221A6016F0800F02D015F0800FCB
:10A310002DD116F4807F02D015F4807F32D116F44F
:10A32000007F02D015F4007F38D116F0100F17D03F
:10A3300015F0100F14D0636B23B12368DB6813F0A2
:10A34000010F0AD0636D43F480636365A36D43F02E
:10A350000203A3652046FFF722FF236810221A603C
:10A3600016F4806F02D015F4806F23D170BD636D39
:10A3700043F4803363652046FFF710FF2368802293
:10A380001A60C6E7636D43F400336365204600F04E
:10A39000BAFC23684FF480721A60C0E7636D43F41F
:10A3A00080236365204600F0AFFC23684FF4007201
:10A3B0001A60BAE7636D43F480436365A36D43F0AD
:10A3C0000803A36523684FF480621A60204600F0FA
:10A3D00099FCCBE708B50346806A426D12F0500F36
:10A3E00030D1436D43F40073436503681A6812F07B
:10A3F000080F14D0DA6812F4406F20D1DB6813F430
:10A40000005F1CD1436D23F480734365436D13F4E7
:10A41000805F14D1436D43F0010343650FE0DB68B7
:10A4200013F0020F0BD1436D23F480734365436D2A
:10A4300013F4805F03D1436D43F001034365FAF7E2
:10A44000B9FE08BD426D12F0100F04D1C26C526B00
:10A4500018469047F5E7FFF7A2FEF2E708B5806AD5
:10A46000436D43F040034365836D43F0040383650C
:10A47000FFF795FE08BD0000F0B583B000230193FF
:10A4800090F85030012B00F00A8204460D4601235B
:10A4900080F8503003689B6813F0040F09D0436DB7
:10A4A00043F0200343650120002384F8503003B0BB
:10A4B000F0BD4B68052B08D8023B032B56D8DFE8CC
:10A4C00003F0024B4E510C234B602A6869682068E8
:10A4D000FFF744FD2068836813F0040300D00123D4
:10A4E000826812F0080200D001220BB9002A40D085
:10A4F0002268936813F0010F17D12B68E868D2F82F
:10A50000B010C3F3120621EA060100F0180CAA48A5
:10A5100020FA0CF00340C3F312030B43C2F8B0302F
:10A52000EA68A64B9A4200F0A9802B68A44A13421D
:10A5300000F0B181A34A926802F0E070A2498B4218
:10A5400000F05B81A1498B4200F07E81A0498B42E3
:10A5500000F08E810020A7E712234B60B5E7182397
:10A560004B60B2E74FF480734B60AEE706234B605D
:10A57000ABE7AA682968FFF709FD69692268D36813
:10A58000C3F3C1035B009940286904280ED02E68EC
:10A59000603252F820708F4B3B4006F0F846314352
:10A5A0000B4343F0004342F82030A1E7136E116ED5
:10A5B000C1F384612B68C3F3120080BBC3F38463CF
:10A5C000994234D021684B6E4A6EC2F384622B6884
:10A5D000C3F3120080BBC3F384639A4234D0216872
:10A5E0008B6E8A6EC2F384622B68C3F3120080BB49
:10A5F000C3F384639A4234D02168CB6ECA6EC2F32F
:10A6000084622B68C3F3120080BBC3F384639A4255
:10A610007FF46EAFCB6E23F00043CB6668E793FA0E
:10A62000A3F313B1B3FA83F3CAE72023C8E7136E89
:10A6300023F000431366C5E793FAA3F313B1B3FA0B
:10A6400083F3CAE72023C8E74B6E23F000434B6631
:10A65000C5E793FAA3F313B1B3FA83F3CAE7202350
:10A66000C8E78B6E23F000438B66C5E793FAA3F32C
:10A6700013B1B3FA83F3CAE72023C8E720682B6835
:10A68000C3F312063EBB9A0E013202F01F02092AE2
:10A690008CBF00220122002A55D05EBB990E0131E9
:10A6A000890601F0F8418EBB4FEA936C0CF1010C66
:10A6B0000CF01F0C012202FA0CF21143AEBB9B0EF0
:10A6C000013303F01F0303EB43031B051943AA687F
:10A6D000FFF75CFC29E793FAA3F24AB1B2FA82F2DF
:10A6E000013202F01F02092A8CBF00220122D2E7A8
:10A6F0002022F5E793FAA3F131B1B1FA81F10131EA
:10A70000890601F0F841CEE72021F8E793FAA3F299
:10A710004AB1B2FA82F2013202F01F024FF0010C8C
:10A720000CFA02F2C9E72022F5E793FAA3F343B14A
:10A73000B3FA83F3013303F01F0303EB43031B0559
:10A74000C4E72023F6E7E6B9990E0131890601F046
:10A75000F84116BB4FEA936C0CF1010C0CF01F0C86
:10A76000012202FA0CF21143B6BB9B0E013303F037
:10A770001F0303EB43031E3B1B0543F00073194308
:10A78000A5E793FAA3F131B1B1FA81F1013189065C
:10A7900001F0F841DDE72021F8E793FAA3F24AB18E
:10A7A000B2FA82F2013202F01F024FF0010C0CFAF1
:10A7B00002F2D8E72022F5E7FFFF070000007F4004
:10A7C0000000088000030450000052C7000084CB42
:10A7D0000100008000F0FF0393FAA3F35BB1B3FA2A
:10A7E00083F3013303F01F0303EB43031E3B1B05FD
:10A7F00043F00073C3E72023F3E712F4000F7FF464
:10A80000A1AE2268274B9A4201D000204CE640F4CA
:10A81000000325498A6822F0E07213438B60234BC2
:10A820001B689B09224AA2FB03239B09013303EB0C
:10A8300043039B00019302E0019B013B0193019BB9
:10A84000002BF9D100202FE612F0807F7FF47EAE3E
:10A850002268144B9A4201D0002025E640F0807314
:10A8600011498A6822F0E07213438B6000201BE6D6
:10A8700012F4800F11D122680A4B9A4201D00020B5
:10A8800012E640F4800308498A6822F0E07213431C
:10A890008B60002008E6002006E6002004E6022087
:10A8A00005E600BF00000450000304504C010020E6
:10A8B000632D3E0570B5044603689A6812F00402E1
:10A8C00000D00122986810F0080000D001200AB9D9
:10A8D00000286DD0DA6812F0007F04D0208B40F29F
:10A8E000011290424ED0022912D023689A6812F0C9
:10A8F000040F0BD09A6812F0020F07D19A6822F069
:10A90000004222F03F0242F010029A60012947D033
:10A9100023689A6812F0080F0BD09A6812F0020FA1
:10A9200007D19A6822F0004222F03F0242F0200252
:10A930009A60022936D0032936D10C25FFF708FB8F
:10A94000064623689B682B4230D0FFF701FB801B33
:10A950000528F6D923689B682B42F2D0636D43F03B
:10A9600010036365A36D43F00103A36501201EE09E
:10A97000636D43F010036365A36D43F00103A365AA
:10A98000012014E00022196811F0400F04D1094998
:10A990008A42EDD80132F6E740221A600121A4E78D
:10A9A0000425CBE70825C9E70425C7E7002070BDCB
:10A9B0000020FCE7FFFF3FA330B583B000230193E5
:10A9C00003689A6812F0010F58D1044699682D4A1D
:10A9D000114219D19A6822F0004222F03F0242F05F
:10A9E00001029A60284B9B6813F4000F1CD0274B80
:10A9F0001B689B09264AA2FB03239B09013303EB37
:10AA000043039B0001930CE0436D43F01003436547
:10AA1000836D43F001038365012030E0019B013B1E
:10AA20000193019B002BF9D1FFF792FA05462368A9
:10AA30001A6812F0010F1FD19A6812F0010F07D1A6
:10AA40009A6822F0004222F03F0242F001029A602E
:10AA5000FFF77EFA431B022BE9D923681B6813F02A
:10AA6000010FE4D1636D43F010036365A36D43F000
:10AA70000103A365012002E0002000E0002003B0F4
:10AA800030BD00BF3F000080000304504C01002097
:10AA9000632D3E0570B504460068806810F0040F11
:10AAA0004ED10E46154694F85030012B4AD0012362
:10AAB00084F850302046FFF77FFF00283CD1636DBB
:10AAC00023F4706323F0010343F480736365636DC3
:10AAD00013F4805F2DD0A36D23F00603A365E36C10
:10AAE000194ADA62E36C194A1A63E36C184A5A632A
:10AAF00023681C221A60002384F8503022685368AF
:10AB000043F0100353602268D36843F00103D3601D
:10AB100021682B4632464031E06C00F0C5FD2268CA
:10AB2000936823F0004323F03F0343F00403936052
:10AB300007E00023A365D2E7002384F8503000E04B
:10AB4000022070BD0220FCE7D5A3000893A10008F5
:10AB50005DA4000838B504460268936813F0020348
:10AB600000D00123916811F0010F39D0002B39D1A9
:10AB7000936803F00D03012B09D0636D43F01003BC
:10AB80006365A36D43F00103A365012029E0936889
:10AB900023F0004323F03F0343F002039360236854
:10ABA00003221A60FFF7D4F9054623689B6813F067
:10ABB000010F13D0FFF7CCF9401B0228F5D9236809
:10ABC0009B6813F0010FF0D0636D43F010036365D1
:10ABD000A36D43F00103A365012002E0002000E023
:10ABE000002038BD0020FCE738B590F85030012B2C
:10ABF00039D00446012380F850300321FFF75AFE74
:10AC00000546E8B92268D36823F00103D360E06CFD
:10AC100090F82530DBB2022B17D02268536823F05E
:10AC200010035360DDB92046FFF794FF05463DB998
:10AC3000636D23F4885323F0010343F0010363653C
:10AC4000002384F85030284638BD00F068FD0546E2
:10AC50000028E2D0636D43F040036365DDE72046E2
:10AC6000FFF778FFE3E70225EDE730B583B0002377
:10AC7000019390F85030012B41D004460D4601233A
:10AC800080F85030FFF766FF80BB636D23F4885374
:10AC900023F0020343F0020363652268936823F004
:10ACA000404323F03F0305F080452B4343F000432E
:10ACB000936023689B68002B06DB636D23F003031E
:10ACC00043F00103636515E0019B01330193019B90
:10ACD000B3F5912FEDD3636D23F0120343F010030E
:10ACE0006365002384F85030012006E0636D43F073
:10ACF00010036365002384F8503003B030BD022098
:10AD0000FBE770477047704770477047002800F0B6
:10AD1000A18038B5044690F82030D3B1226813687A
:10AD200043F001031360FFF713F9054623685A68DF
:10AD300012F0010F10D1FFF70BF9401B0A28F5D9CB
:10AD4000636A43F400336362052384F820300120F2
:10AD500038BDFEF757FEE1E71A6822F002021A60DA
:10AD6000FFF7F6F8054623685A6812F0020F0DD077
:10AD7000FFF7EEF8401B0A28F5D9636A43F4003365
:10AD80006362052384F820300120E1E7227E012A56
:10AD90003DD01A6822F080021A60637E012B3BD0FE
:10ADA0002268136823F040031360A37E012B39D07F
:10ADB0002268136823F020031360E37E012B37D051
:10ADC0002268136843F010031360237F012B35D0F2
:10ADD0002268136823F008031360637F012B33D0CC
:10ADE0002268136823F004031360A368E268134326
:10ADF00022691343626913436268013A216813436D
:10AE0000CB6100206062012384F82030A0E71A683B
:10AE100042F080021A60C0E72268136843F04003E2
:10AE20001360C2E72268136843F020031360C4E78D
:10AE30002268136823F010031360C6E722681368C2
:10AE400043F008031360C8E72268136843F0040363
:10AE50001360CAE701207047026890F82030013B78
:10AE6000DBB2012B05D9436A43F4802343620120FE
:10AE7000704730B4D2F8003243F00103C2F8003218
:10AE80004B6903F01F03012000FA03F3D2F81C0200
:10AE90006FEA030C20EA0300C2F81C02C869B0B9CB
:10AEA000D2F80C020CEA0000C2F80C028C88486947
:10AEB000CD6844EA0544483042F830400C8848697F
:10AEC0008D6844EA0544483002EBC0004460C8691C
:10AED00001281BD0886980BBD2F804020CEA00006C
:10AEE000C2F80402086970BBD2F814020CEA000030
:10AEF000C2F81402096A01292BD0D2F8003223F0DB
:10AF00000103C2F80032002030BC7047D2F80C02B6
:10AF10001843C2F80C028C8848690D6844EA05445D
:10AF2000483042F830408C8948698D6844EA0544CD
:10AF3000483002EBC0004460CCE7D2F8040218436A
:10AF4000C2F80402CEE7D2F814021843C2F8140281
:10AF5000D0E7D2F81C120B43C2F81C32CDE770B513
:10AF6000044690F82050EDB2012D06D0436A43F418
:10AF7000002343620125284670BD022380F820305B
:10AF80000268136823F001031360FEF7E1FF064631
:10AF900023685B6813F0010F0CD0FEF7D9FF831B09
:10AFA0000A2BF5D9636A43F400336362052384F8FE
:10AFB0002030E0E700256562DDE730B590F820C07D
:10AFC0000468A4680CF1FF3C5FFA8CFCBCF1010F33
:10AFD00062D814F0E05F59D0C4F3016C012404FA84
:10AFE0000CF41C608B68002B3DD10D68CB680468A5
:10AFF00043EA45550CF118031B01E55003680C6941
:10B000000CF1180E03EB0E135C600B7D012B35D099
:10B01000D17993791B0443EA0163517943EA01230F
:10B0200014790168234301EB0C11C1F88C31D178FC
:10B0300093781B0443EA0163517843EA01231178B2
:10B0400002680B4302EB0C12C2F8883102680CF163
:10B05000180C4FEA0C1C52F80C3043F0010342F874
:10B060000C3000201DE04C6843EAC403CC68234345
:10B070000CF11804240105682B51BFE7036803EBAA
:10B080000E13596841F480715960C1E7436A43F473
:10B0900000134362012004E0436A43F480234362C7
:10B0A000012030BD90F820C00CF1FF3C5FFA8CFC11
:10B0B000BCF1010F00F2958030B451B90468E46826
:10B0C00014F0030F10D1436A43F4001343620120CC
:10B0D00077E00468246914F0030F05D1436A43F450
:10B0E0000013436201206CE001F11B042401056898
:10B0F0002C5904F004049460002C64D101F11B0469
:10B10000240105682C59640D1460046801F11B0CBE
:10B110004FEA0C1C54F80C4004F00204D46004689C
:10B120006444646804F00F0414610468644464684F
:10B13000C4F307249461046864446468240C546173
:10B14000026802EB0112D2F8B8211A70026802EB11
:10B150000112D2F8B821C2F307225A70026802EB3A
:10B160000112D2F8B821C2F307429A70026802EBCA
:10B170000112D2F8B821120EDA70026802EB011245
:10B18000D2F8BC211A71026802EB0112D2F8BC217C
:10B19000C2F307225A71026802EB0112D2F8BC21F5
:10B1A000C2F307429A71026802EB0112D2F8BC2185
:10B1B000120EDA7179B90268D36843F02003D360C4
:10B1C000002030BC704701F11B04240105682C5994
:10B1D000E408546099E70268136943F0200313619F
:10B1E000EEE7436A43F4802343620120704790F8FE
:10B1F0002030013BDBB2012B05D9436A43F48023A5
:10B20000436201207047026853690B435361002079
:10B210007047704770477047704770477047704776
:10B2200070477047704770472DE9F84F054603682F
:10B230005C69D3F804809F68D3F80CA0D3F8109011
:10B24000D3F818B014F001063BD017F0010616D061
:10B2500001229A6017F0020F08D117F0040F0CD1E9
:10B2600017F0080606D04FF4805608E0FFF7D1FF2C
:10B27000002604E0FFF7D0FF01E04FF4006617F46A
:10B28000807F0DD02B684FF480729A6017F4007F96
:10B2900040F0968017F4806F00F0968046F40056D8
:10B2A00017F4803F0DD02B684FF480329A6017F46A
:10B2B000003F40F0938017F4802F00F0938046F415
:10B2C000004614F0080F07D01AF0100F04D046F40F
:10B2D00000762B681022DA6014F0040F03D01AF005
:10B2E000080F40F0898014F0020F05D02B68DB684E
:10B2F00013F0030F40F0878014F0400F07D019F0CF
:10B30000100F04D046F480662B6810221A6114F0E6
:10B31000200F02D019F0080F79D114F0100F04D0CB
:10B320002B681B6913F0030F78D114F4003F02D08F
:10B3300018F0100F76D114F4803F02D018F0080FE7
:10B3400077D114F4004F37D018F0040F31D014F433
:10B35000807F04D01BF0010F01D046F0010614F4E9
:10B36000007F04D01BF0020F01D046F0020614F457
:10B37000806F04D01BF0040F01D046F0040614F4D3
:10B38000006F16D01BF0700B13D0BBF1400F66D0CE
:10B3900056D8BBF1200F5CD0BBF1300F5CD0BBF1B5
:10B3A000100F01D146F008062A68936923F0700354
:10B3B00093612B6804225A60002E56D1BDE8F88FA5
:10B3C0002846FFF727FF6BE717F4006F02D046F41B
:10B3D000804665E72846FFF720FF61E72846FFF72C
:10B3E0001AFF6EE717F4002F02D046F4803668E7A4
:10B3F0002846FFF713FF64E72B680822DA60284627
:10B40000FFF70DFF6FE72846FAF784FA74E72B6819
:10B4100008221A612846FFF703FF7EE72846FAF75D
:10B420008FFA82E72B6810225A602846FFF7F9FE50
:10B4300081E72B6808225A602846FFF7F3FE80E771
:10B44000BBF1500F0ED0BBF1600FADD146F480764A
:10B45000AAE746F01006A7E746F02006A4E746F064
:10B460004006A1E746F080069EE76B6A33436B62B5
:10B470002846FFF7D8FEA1E7002807DB00F01F02EF
:10B48000400901239340024A42F82030704700BF30
:10B4900000E100E0002808DB0901C9B200F16040CA
:10B4A00000F5614080F80013704700F00F000901BB
:10B4B000C9B2014B1954704714ED00E000B500F01B
:10B4C0000700C0F1070CBCF1040F28BF4FF0040CBB
:10B4D000031D062B0FD9C31E4FF0FF3E0EFA0CF0D2
:10B4E00021EA000199400EFA03FE22EA0E0241EA27
:10B4F00002005DF804FB0023EEE70000074AD36872
:10B5000023F4E0631B041B0C000200F4E06003431F
:10B5100043F0BF6343F40033D360704700ED00E0B5
:10B5200010B50446054BD868C0F30220FFF7C6FFEC
:10B5300001462046FFF7AEFF10BD00BF00ED00E062
:10B5400008B5FFF799FF08BD0138B0F1807F0BD235
:10B550004FF0E0235861054AF02182F823100020C3
:10B56000986107221A6170470120704700ED00E0E2
:10B5700030B4446C04F01C0C012404FA0CF4056C87
:10B580006C60046863608368102B05D00368996061
:10B590000368DA6030BC704703689A600368D9605A
:10B5A000F8E70000002871D010B403460168384A5B
:10B5B000914248D8374A0A443748A0FB0202120990
:10B5C00092005A64354A1A64022283F825200868DA
:10B5D0006FF30E109A68DC6822431C6922435C6991
:10B5E00022439C692243DC6922431C6A22430243B2
:10B5F0000A609A68B2F5804F1BD0196C274A9142B5
:10B600002CD0264AD2F8A814586C00F01C0C0F203D
:10B6100000FA0CF021EA0001C2F8A814D2F8A8142C
:10B6200058685C6C04F01C0C00FA0CF00143C2F882
:10B63000A8140020D863012283F8252083F8240071
:10B640005DF8044B7047164A0A441348A0FB0202F7
:10B65000120992005A64134A1A64B5E7D2F8A81086
:10B66000586C00F01C0C0F2000FA0CF021EA0001CD
:10B67000C2F8A810D2F8A81058685C6C04F01C0C32
:10B6800000FA0CF00143C2F8A810D2E7012070477D
:10B6900007040240F8FFFDBFCDCCCCCC0000024037
:10B6A000F8FBFDBF0004024038B5044690F82400C2
:10B6B000012832D0012084F8240094F82500C0B27B
:10B6C000012804D0002384F82430022038BD022051
:10B6D00084F825000020E0632568286820F0010038
:10B6E00028602046FFF744FF236B5BB12268136894
:10B6F00043F00E0313602268136843F001031360E4
:10B700000020E3E72268136823F004031360226833
:10B71000136843F00A031360EDE70220D6E790F8C0
:10B720002530DBB2022B06D00423C363002380F84C
:10B730002430012070470268136823F00E03136061
:10B740000268136823F001031360436C03F01C03C9
:10B75000016C012202FA03F34B6080F825200023DC
:10B7600080F824301846704708B590F82530DBB2D1
:10B77000022B03D00423C363012008BD02681368B1
:10B7800023F00E0313600268136823F001031360B3
:10B79000436C03F01C03016C012202FA03F34B60BB
:10B7A00080F82520002380F82430836B13B198475C
:10B7B0000020E2E70020E0E738B5036C1968046870
:10B7C0002568436C03F01C0304229A400A4215D0FA
:10B7D00015F0040F12D0236813F0200F03D1236853
:10B7E00023F004032360436C03F01C02016C042368
:10B7F00093404B60036B03B1984738BD02229A40D7
:10B800000A421CD015F0020F19D0236813F0200F44
:10B8100006D1236823F00A032360012380F8253032
:10B82000436C03F01C02016C022393404B60002325
:10B8300080F82430C36A002BDFD09847DDE7082268
:10B8400002FA03F30B42D8D015F0080FD5D02368C5
:10B8500023F00E032360436C03F01C03016C0122F0
:10B8600002FA03F34B60C26380F82520002380F8BE
:10B870002430436B002BC0D09847BEE7F0B583B0AF
:10B88000002362E085685E000324B44025EA0405D5
:10B89000CC68B4402C438460456825EA0C054C68AC
:10B8A000C4F300149C402C4344605FE0DD0808357D
:10B8B00050F8254003F0070C4FEA8C0C4FF00F0EA8
:10B8C0000EFA0CFE24EA0E0E0C6904FA0CF444EA9B
:10B8D0000E0440F8254060E0042400E0002404FA4F
:10B8E0000EF42C430CF1020C524D45F82C40524CF6
:10B8F000A568D44325EA02064F6817F4801F01D0DB
:10B9000042EA05064C4DAE60ED6804EA05064F6854
:10B9100017F4001F01D042EA0506474DEE606D683E
:10B9200004EA05064F6817F4003F01D042EA050615
:10B93000414D6E602D682C404E6816F4803F01D05A
:10B9400042EA05043C4A146001330A6832FA03F4FF
:10B950006ED04FF0010C0CFA03FC1CEA0202F3D08B
:10B960004C6804F00304013C012C8BD94C6804F0B2
:10B970000304032C0CD0C4685D004FF0030C0CFAD8
:10B9800005FC24EA0C0C8C68AC4044EA0C04C4604E
:10B990004C6804F00304022C88D004684FEA430E7C
:10B9A0004FF0030C0CFA0EFC24EA0C0C4C6804F06B
:10B9B000030404FA0EF444EA0C0404604C6814F422
:10B9C000403FC1D01D4C256E45F001052566246E13
:10B9D00004F001040194019C4FEA930C0CF1020560
:10B9E000144C54F8255003F0030E4FEA8E0E0F242A
:10B9F00004FA0EF425EA0405B0F1904F3FF46EAF5F
:10BA00000F4CA0420ED004F58064A0420CD004F587
:10BA10008064A0420AD004F58064A0423FF45CAF89
:10BA200007245CE701245AE7022458E7032456E779
:10BA300003B0F0BD000001400004014000100240CE
:10BA4000000400480369194201D00120704700201A
:10BA500070470AB18161704781627047436901EAAA
:10BA6000030221EA030141EA0241816170470000BB
:10BA700008B5054B5B69034200D108BD024B586114
:10BA8000FBF7A0FBF9E700BF0004014000282FD01E
:10BA900038B5044603684CF6CC421A60036845F298
:10BAA00055521A60036842685A60036882689A6057
:10BAB000FEF74EFA05462368DA6812F0070F0BD03E
:10BAC000FEF746FA401B3128F5D92368DB6813F0EE
:10BAD000070FF0D0032005E01969E268914202D017
:10BAE0001A61002038BD4AF6AA221A600020F9E740
:10BAF0000120704703684AF6AA221A6000207047A6
:10BB0000024B186800F4C060704700BF007000402E
:10BB1000B0F5007F0FD01F4B1B6803F4C063B3F573
:10BB2000806F34D01B4A136823F4C06343F48063EE
:10BB3000136000207047174B1B6803F4C063B3F514
:10BB4000007F20D0134A136823F4C06343F40073CA
:10BB50001360114B1B68322202FB03F30F4AA2FB56
:10BB600003239B0C013300E0013B0A4A526912F4A3
:10BB7000806F01D0002BF7D1064B5B6913F4806F07
:10BB800003D1002070470020704703207047002039
:10BB9000704700BF007000404C01002083DE1B4353
:10BBA00030B583B00446204B9B6D13F0805F0BD003
:10BBB000FFF7A6FFB0F5007F17D0802C1FD82DD03F
:10BBC000702C2DD000211BE0174DAB6D43F080533E
:10BBD000AB65AB6D03F080530193019BFFF790FFC2
:10BBE000AB6D23F08053AB65E4E7802C03D9A02C28
:10BBF00003D9022104E0002102E0012100E0032139
:10BC00000A4A136823F007030B431360136803F019
:10BC100007038B4206D1002003B030BD0221EFE7BD
:10BC20000121EDE70120F7E700100240002002406B
:10BC3000254A9368D26802F0030213F00C0309D07E
:10BC40000C2B05D0042B3BD0082B3BD000200FE061
:10BC5000012AF7D11C4A126812F0080F0CD11A4AB7
:10BC6000D2F89420C2F30322184951F8220013B1EC
:10BC70000C2B06D000207047134A1268C2F303123F
:10BC8000F2E7114BDB6803F00303022B16D0032B02
:10BC900000D10F480C49CA68C2F302120132CB68C6
:10BCA000C3F3062300FB03F3B3FBF2F3C868C0F34E
:10BCB000416001304000B3FBF0F070470548E9E710
:10BCC000044870470248704700100240F00801081D
:10BCD00000127A000024F400002800F01C83F0B564
:10BCE00083B00446964B9D6805F00C05DE6806F0AF
:10BCF0000306036813F0100F5AD0E5B10C2D18D0CD
:10BD0000A369002B00F0BB808D4A136843F0010348
:10BD10001360FEF71DF90746894B1B6813F0020FED
:10BD200040F09A80FEF714F9C01B0228F4D90320D2
:10BD3000FCE2012EE4D1824B1B6813F0020F03D00A
:10BD4000A369002B00F0E982206A7D4B1B6813F089
:10BD5000080F5BD07A4B1B6803F0F00398425CD865
:10BD6000774B1A6842F008021A601A6822F0F00253
:10BD7000216A0A431A605A6822F47F42E16942EA62
:10BD800001225A60002D60D0FFF752FF6C4B9B6878
:10BD9000C3F303136B4AD35C03F01F03D8406A4B11
:10BDA00018606A4B1868FEF78FF8002840F0BE82D2
:10BDB000236813F0010F00F08180082D75D00C2D41
:10BDC00071D06368B3F5803F00F09780B3F5A02F82
:10BDD00000F099805A4B1A6822F480321A601A686F
:10BDE00022F480221A606368002B00F09980FEF72D
:10BDF000AFF80746524B1B6813F4003F5ED1FEF7C5
:10BE0000A7F8C01B6428F5D903208FE24C4BD3F868
:10BE100094301B0903F0F003A0E7FFF7C1FE0028F0
:10BE200040F07D82464B1A6842F008021A601A6898
:10BE300022F0F002216A0A431A605A6822F47F4213
:10BE4000E16942EA01225A609EE7206AFFF7A8FEF4
:10BE5000002899D0012069E2394B1A6842F00802A3
:10BE60001A601A6822F0F002216A0A431A605A68BE
:10BE700022F47F42E16942EA01225A6098E7304A9F
:10BE8000136823F001031360FEF762F807462C4B9A
:10BE90001B6813F0020F8BD0FEF75AF8C01B022864
:10BEA000F5D9032042E2032E8BD1254B1B6813F4F6
:10BEB000003F03D06368002B00F03382236813F047
:10BEC000020F58D0042D45D00C2D41D0E368002B33
:10BED00077D01B4A136843F480731360FEF738F879
:10BEE0000646174B1B6813F4806F61D1FEF730F8DC
:10BEF000801B0228F5D9032018E2114A136843F485
:10BF0000803313606FE703F18043A3F53C331A6875
:10BF100042F480221A601A6842F480321A6062E7A2
:10BF2000FEF716F80746064B1B6813F4003FC5D012
:10BF3000FEF70EF8C01B6428F5D90320F6E100BF18
:10BF400000100240280901084C0100205401002083
:10BF5000022EBBD1A44B1B6813F4806F03D0E3689F
:10BF6000002B00F0E081A04A536823F0F8532169C8
:10BF700043EA01635360236813F0080F4CD06369F0
:10BF80009BB3994AD2F8943043F00103C2F894303D
:10BF9000FDF7DEFF0646944BD3F8943013F0020F02
:10BFA0003AD1FDF7D5FF801B0228F4D90320BDE16B
:10BFB0008D4A536823F0F853216943EA01635360C3
:10BFC000D9E7894A136823F480731360FDF7C0FF33
:10BFD0000646854B1B6813F4806FCCD0FDF7B8FF85
:10BFE000801B0228F5D90320A0E17F4AD2F89430C3
:10BFF00023F00103C2F89430FDF7AAFF06467A4BFE
:10C00000D3F8943013F0020F06D0FDF7A1FF801B88
:10C010000228F4D9032089E1236813F0040F7AD0B1
:10C02000714B9B6D13F0805F36D16F4B9A6D42F070
:10C0300080529A659B6D03F080530193019B01260A
:10C040006A4B1B6813F4807F28D0A368012B39D07A
:10C05000052B3FD0644BD3F8902022F00102C3F8A7
:10C060009020D3F8902022F00402C3F89020A36817
:10C07000002B3DD0FDF76CFF07465B4BD3F89030AB
:10C0800013F0020F46D1FDF763FFC01B41F2883366
:10C090009842F2D9032049E10026D1E7534A1368B8
:10C0A00043F480731360FDF753FF07464F4B1B6843
:10C0B00013F4807FC9D1FDF74BFFC01B0228F5D9CF
:10C0C000032033E1484AD2F8903043F00103C2F82C
:10C0D0009030CCE7444BD3F8902042F00402C3F8F0
:10C0E0009020D3F8902042F00102C3F89020BEE7E0
:10C0F000FDF72EFF07463C4BD3F8903013F0020FAC
:10C1000008D0FDF725FFC01B41F288339842F2D9D1
:10C1100003200BE1E6B9236813F0200F35D0636AE2
:10C12000E3B1314AD2F8983043F00103C2F89830B5
:10C13000FDF70EFF06462C4BD3F8983013F0020F94
:10C1400023D1FDF705FF801B0228F4D90320EDE081
:10C15000254A936D23F080539365DCE7224AD2F899
:10C16000983023F00103C2F89830FDF7F1FE06463F
:10C170001D4BD3F8983013F0020F06D0FDF7E8FE00
:10C18000801B0228F4D90320D0E0A36A002B00F022
:10C19000CC80022B17D00C2D00F0CC80124A1368F3
:10C1A00023F080731360FDF7D3FE04460E4B1B682B
:10C1B00013F0007F00F0A880FDF7CAFE001B0228E4
:10C1C000F4D90320B2E0084BDB6803F00301E26A14
:10C1D00091420DD00C2D00F0AB80034B1B6813F087
:10C1E000806F2FD00120A1E00010024000700040BD
:10C1F00003F07002216B0139B2EB011FEAD103F4A5
:10C20000FE42616BB2EB012FE4D103F07842A16BE7
:10C21000B2EBC16FDED103F4C001E26B5208013A08
:10C22000B1EB425FD6D103F0C063226C5208013AF1
:10C23000B3EB426FCED1404B1B6813F0007F49D067
:10C24000002073E03C4A136823F080731360FDF70D
:10C250007FFE0546384B1B6813F0007F06D0FDF7C4
:10C2600077FE401B0228F5D903205FE0324AD368ED
:10C2700032491940E36A206B013843EA0013606BCE
:10C2800043EA0023E06B4008013843EA4053206C46
:10C290004008013843EA4063A06B43EAC063194396
:10C2A000D160136843F080731360D36843F08073E8
:10C2B000D360FDF74DFE04461F4B1B6813F0007F53
:10C2C00006D1FDF745FE001B0228F5D903202DE01D
:10C2D00000202BE0184B1A6842F080721A60DA686E
:10C2E00042F08072DA60FDF733FE0446124B1B68A1
:10C2F00013F0007F06D1FDF72BFE031B022BF5D9AF
:10C30000032013E0002011E00B4AD1680C4B0B40D6
:10C31000D36000200AE001207047012006E00120E0
:10C3200004E0012002E0012000E0002003B0F0BDA5
:10C330000120FBE70120F9E7001002408C809D01FD
:10C34000FCFFEEFE002800F0AF8070B50D460446FD
:10C35000594B1B6803F007038B420BD2564A1368F4
:10C3600023F007030B431360136803F007038B42AA
:10C3700040F09C80236813F0020F0CD0A2684F4B52
:10C380009B6803F0F0039A4205D94C498B6823F06F
:10C39000F0031A438A60236813F0010F39D06368F1
:10C3A000032B09D0022B26D063BB444A126812F03B
:10C3B000020F06D1012076E0404A126812F0007F99
:10C3C00076D03E498A6822F0030213438B60FDF762
:10C3D000BFFD0646394B9B6803F00C036268B3EB64
:10C3E000820F16D0FDF7B4FD801B41F288339842CE
:10C3F000F0D9032057E0314A126812F4003FE0D12F
:10C40000012050E02D4A126812F4806FD9D101202A
:10C4100049E0236813F0020F0CD0A268274B9B68F9
:10C4200003F0F0039A4205D224498B6823F0F0030D
:10C430001A438A60204B1B6803F00703AB420AD9FA
:10C440001D4A136823F007032B431360136803F09E
:10C450000703AB422ED1236813F0040F06D0174A0E
:10C46000936823F4E063E1680B439360236813F05F
:10C47000080F07D0114A936823F46053216943EAF7
:10C48000C1039360FFF7D4FB0C4B9B68C3F303130A
:10C490000B4AD35C03F01F03D8400A4B18600A4BC9
:10C4A0001868FDF711FD70BD012070470120FAE703
:10C4B0000120F8E70120F6E70020024000100240CA
:10C4C000280901084C01002054010020014B186884
:10C4D000704700BF4C01002008B5FFF7F7FF054B80
:10C4E0009B68C3F30223044AD35C03F01F03D840C4
:10C4F00008BD00BF001002402009010808B5FFF781
:10C50000E5FF054B9B68C3F3C223044AD35C03F0E9
:10C510001F03D84008BD00BF0010024020090108D9
:10C52000F8B504460D46594BDB6813F0030F18D0DD
:10C53000564BDB6803F003030268934202D00126E6
:10C540003046F8BD002A00F09C80504BDB68C3F3F6
:10C55000021301334268934201D00126F0E700261E
:10C5600019E00368022B55D0032B5AD0012B40F061
:10C570008A80464A126812F0020F5ED04348C268B1
:10C5800022F073026168013943EA01131343C36067
:10C590000026002ED4D13D4A136823F08063136037
:10C5A000FDF7D6FC0746394B1B6813F0006F05D02A
:10C5B000FDF7CEFCC31B022BF5D90326002EBFD1FD
:10C5C000002D3CD131490B6923F0784323F4FE431D
:10C5D000A068E268D20642EA002213430B612B4AAC
:10C5E000136843F080631360FDF7B2FC0546274BE8
:10C5F0001B6813F0006F05D1FDF7AAFC401B022851
:10C60000F5D90326002E9BD1204A1369A1690B435B
:10C61000136195E71D4A126812F4806FAED10126AE
:10C620008EE71A4A126812F4003FA7D1174A12681F
:10C6300012F4802FA2D1012682E70126A9E7012D5D
:10C640000FD01248026922F0C06222F4FE42A168B3
:10C6500063695B08013B5B0643EA01231A430261FD
:10C66000BDE70A48026922F4C00222F4FE42A16832
:10C6700023695B08013B5B0543EA01231A4302611E
:10C68000ADE701265CE701265AE700BF0010024033
:10C690002DE9F04182B00446036813F4006F26D000
:10C6A000436CB3F5000F06D0B3F5400F1DD09BB11E
:10C6B000012637461DE0B34AD36843F48033D36084
:10C6C0000027B04AD2F8883023F44003616C0B4352
:10C6D000C2F8883000260CE000210430FFF720FF6C
:10C6E00007460028EDD0064603E00027E9E70026CC
:10C6F0003746236813F4003F6BD0A24B9B6D13F0B9
:10C70000805F4CD19F4B9A6D42F080529A659B6D31
:10C7100003F080530193019B4FF001089A4A13687C
:10C7200043F480731360FDF713FC0546964B1B68BA
:10C7300013F4807F05D1FDF70BFC401B0228F5D9CF
:10C740000327002F40D18F4BD3F8903013F4407360
:10C7500018D0A26D9A4212D08A4AD2F8903023F4AF
:10C760004073D2F8901041F48031C2F89010D2F8A2
:10C77000901021F48031C2F89010C2F8903013F07C
:10C78000010F0FD1002F40F0E3807E4AD2F89030A5
:10C7900023F44073A16D0B43C2F8903015E04FF0C5
:10C7A0000008BBE7FDF7D4FB0546764BD3F8903085
:10C7B00013F0020FE6D1FDF7CBFB401B41F28833AB
:10C7C0009842F2D90327DDE73E46B8F1000F40F06A
:10C7D000C180236813F0010F08D06A4AD2F888306C
:10C7E00023F00303216A0B43C2F88830236813F057
:10C7F000020F08D0634AD2F8883023F00C03616A34
:10C800000B43C2F88830236813F0040F08D05D4A48
:10C81000D2F8883023F03003A16A0B43C2F8883085
:10C82000236813F0200F08D0564AD2F8883023F43A
:10C830004063E16A0B43C2F88830236813F4007F39
:10C8400008D0504AD2F8883023F44023E16B0B43E0
:10C85000C2F88830236813F4806F08D0494AD2F8B0
:10C86000883023F44013216C0B43C2F888302368CE
:10C8700013F0400F08D0434AD2F8883023F44053D5
:10C88000216B0B43C2F88830236813F0800F08D067
:10C890003C4AD2F8883023F44043616B0B43C2F822
:10C8A0008830236813F4807F08D0364AD2F8883065
:10C8B00023F44033A16B0B43C2F88830236813F490
:10C8C000002F0FD02F4AD2F8883023F04063A16C9C
:10C8D0000B43C2F88830A36CB3F1006F40D0B3F1C2
:10C8E000806F42D0236813F4802F0FD0254AD2F8EE
:10C8F000883023F04063E16C0B43C2F88830E36C6E
:10C90000B3F1006F39D0B3F1806F3FD0236813F4D7
:10C91000804F0CD01B4AD2F8883023F04053216D51
:10C920000B43C2F88830236DB3F1805F36D02368A3
:10C9300013F4004F08D0134AD2F8883023F0804314
:10C94000616D0B43C2F88830304602B0BDE8F0811B
:10C950003E463AE70B4A936D23F08053936538E7E0
:10C96000D36843F48013D360BCE70121201DFFF797
:10C97000D7FD0028B6D00646B4E7D36843F4801349
:10C98000D360C3E700100240007000400121201D69
:10C99000FFF7C6FD0028B9D00646B7E70221201DE3
:10C9A000FFF7BEFD0028C2D00646C0E738B50446F2
:10C9B0000268D36823F0A003D360FDF7C9FA0546E7
:10C9C0002368DB6813F0200F07D1FDF7C1FA401B85
:10C9D000B0F57A7FF4D9032000E0002038BD70B5AF
:10C9E0000368DA6812F0400F02D00025284670BDB7
:10C9F00004464FF0FF32DA60FDF7AAFA064600253A
:10CA00002368DB6813F0400FF0D1032DEED0FDF763
:10CA10009FFA831BB3F57A7FF2D9032584F821505E
:10CA2000EEE7000010B50446104BDA6822F08002F1
:10CA3000DA609B6813F0200F06D1FFF7B7FF98B1BB
:10CA4000032084F821000FE0084A936823F02003B4
:10CA50009360FFF7ABFF10B1032084F82100034A75
:10CA6000936843F02003936010BD00BF002800408E
:10CA7000002848D038B5044690F821306BB1022325
:10CA800084F821302368CA225A62236853225A62EA
:10CA90002046FFF7A4FF28B138BD80F82030FCF70E
:10CAA000FDFFECE72268936823F4E00323F04003E2
:10CAB000936021688A68636820690343A06903431F
:10CAC00013438B602368E2681A6122681369A168C6
:10CAD00043EA014313612046FFF7A4FF0028DBD19E
:10CAE0002268D36C23F00303D3642168CB6CE26922
:10CAF00065692A431343CB642368FF225A620123EA
:10CB000084F82130C8E701207047002302E0013398
:10CB10000A38C0B20928FAD81B01DBB218437047A3
:10CB200090F82030012B5FD070B504460D461646B4
:10CB3000012380F82030022380F821300368CA22C4
:10CB40005A62036853225A62FFF749FF00282ED128
:10CB5000002E37D123689B6813F0400F01D10023CA
:10CB6000EB702878FFF7D1FF06046878FFF7CDFF58
:10CB700046EA0026A878FFF7C8FF46EA0003EA78ED
:10CB800043EA8253226803F07F3323F0FE431360AD
:10CB90002268936823F48023936021688B68EA6895
:10CBA0002869024313438B602046FFF73BFF23684D
:10CBB000FF225A6210B9012384F82130002384F83F
:10CBC000203070BD23689B6813F0400F01D1002313
:10CBD000EB702A786B781B0243EA0243AA7813436E
:10CBE000EA7843EA8253CDE70220704790F820307C
:10CBF000012B4BD070B504460E46012380F820303F
:10CC0000022380F82130F2B1CB784D782D0245EA2D
:10CC100003458B781D430B7845EA43352368CA22C8
:10CC20005A62236853225A622046FFF7D8FE18B38F
:10CC30002368FF225A6210B9012384F821300023AF
:10CC400084F8203070BD4B7813F0100F03D003F040
:10CC5000EF030A334B70F078FFF757FF0504707845
:10CC6000FFF753FF45EA0025B078FFF74EFF054375
:10CC7000337845EA4335D1E7236825F07F4525F031
:10CC8000C0055D602046FFF7CDFED1E7022070476A
:10CC9000030903EB830300F00F0000EB4300C0B275
:10CCA000704770B503689B6A4B6003681B69C3F3E8
:10CCB0000E038B6003681B68C3F305400870C3F361
:10CCC00006264E7003F07F058D70C3F38053CB7042
:10CCD0005AB90C46FFF7DCFF20703046FFF7D8FF4B
:10CCE00060702846FFF7D4FFA070002070BD70B5BB
:10CCF00003685B68C3F30740C870C3F304264E7033
:10CD000003F03F058D70C3F342330B705AB90C46E4
:10CD1000FFF7BEFFE0703046FFF7BAFF60702846AD
:10CD2000FFF7B6FFA070002070BD82B003685033DB
:10CD30000193019B03EB81030193019B1A6002B0F5
:10CD400070470368503353F82100704730B4036ACA
:10CD500023F001030362026A4468836923F4803389
:10CD600023F073030D681D4322F002028B68134306
:10CD7000144A904207D002F5A052904203D002F527
:10CD80008062904205D123F00803CA681A4322F05A
:10CD900004030C4A904207D002F5A052904203D0FF
:10CDA00002F58062904205D124F440744A6922431E
:10CDB0008C691443446085614A684263036230BCF5
:10CDC000704700BF002C014030B4036A23F4807325
:10CDD0000362036A4468C26922F4803222F073025B
:10CDE0000D68154323F400738A6843EA0223104A4E
:10CDF000904207D00F4A90420BD002F580629042D9
:10CE00000FD106E023F40063CA6843EA022323F447
:10CE1000806324F440544A6944EA02148A6944EA6B
:10CE200002144460C5614A68C263036230BC704743
:10CE3000002C01400040014030B4036A23F48053C9
:10CE40000362026A4468C36923F0807323F4E643F3
:10CE50000D6843EA052322F400528D6842EA053248
:10CE60000B4DA84207D005F5A055A84203D005F503
:10CE70008065A84204D124F480444D6944EA8514B5
:10CE80004460C3614B680364026230BC704700BFFA
:10CE9000002C014030B4036A23F480330362036A38
:10CEA0004468426D22F4803222F070020D682A43F9
:10CEB00023F400338D6843EA05430B4DA84207D0A5
:10CEC00005F5A055A84203D005F58065A84204D118
:10CED00024F480344D6944EA0524446042654A687C
:10CEE0008265036230BC7047002C014030B4036A95
:10CEF00023F480130362026A4468436D23F0807355
:10CF000023F4E0430D6843EA052322F400128D6800
:10CF100042EA05520B4DA84207D005F5A055A8429C
:10CF200003D005F58065A84204D124F480244D691E
:10CF300044EA8524446043654B68C365026230BCA3
:10CF4000704700BF002C0140704770477047704722
:10CF5000704710B5044603681A6912F0020F11D029
:10CF6000DA6812F0020F0DD06FF002021A6101238D
:10CF7000037703689B6913F0030F79D0FFF7E6FF8F
:10CF80000023237723681A6912F0040F12D0DA689D
:10CF900012F0040F0ED06FF004021A6102232377FF
:10CFA00023689B6913F4407F68D02046FFF7CEFFCB
:10CFB0000023237723681A6912F0080F12D0DA6869
:10CFC00012F0080F0ED06FF008021A6104232377C5
:10CFD0002368DB6913F0030F57D02046FFF7B6FF35
:10CFE0000023237723681A6912F0100F12D0DA6831
:10CFF00012F0100F0ED06FF010021A610823237781
:10D000002368DB6913F4407F46D02046FFF79EFF7C
:10D010000023237723681A6912F0010F03D0DA681E
:10D0200012F0010F3FD123681A6912F0800F03D06C
:10D03000DA6812F0800F3DD123681A6912F4807FFC
:10D0400003D0DA6812F0800F3BD123681A6912F01E
:10D05000400F03D0DA6812F0400F39D123681A6903
:10D0600012F0200F03D0DA6812F0200F37D110BD74
:10D07000FFF76BFF2046FFF76AFF81E72046FFF7C7
:10D0800064FF2046FFF763FF92E72046FFF75DFF4E
:10D090002046FFF75CFFA3E72046FFF756FF204638
:10D0A000FFF755FFB4E76FF001021A612046FFF762
:10D0B0004BFFB8E76FF080021A61204600F007FBD3
:10D0C000BAE76FF480721A61204600F001FBBCE7FA
:10D0D0006FF040021A612046FFF73AFFBEE76FF09B
:10D0E00020021A61204600F0F1FAC0E703681A4AEC
:10D0F000904202D0B0F1804F03D123F070034A6810
:10D100001343154A90420AD0B0F1804F07D002F580
:10D11000A052904203D002F58062904203D123F4E2
:10D120004073CA68134323F080034A6913430360C2
:10D130008B68C3620B688362074B984207D003F584
:10D14000A053984203D003F58063984201D10B6944
:10D150000363012343617047002C014060B310B5A5
:10D16000044690F83D3013B3022384F83D30214645
:10D1700051F8040BFFF7BAFF012384F8483084F814
:10D180003E3084F83F3084F8403084F8413084F8F1
:10D19000423084F8433084F8443084F8453084F8D1
:10D1A000463084F8473084F83D30002010BD80F8C8
:10D1B0003C30FCF7B1FCD7E70120704760B310B5F5
:10D1C000044690F83D3013B3022384F83D302146E5
:10D1D00051F8040BFFF78AFF012384F8483084F8E4
:10D1E0003E3084F83F3084F8403084F8413084F891
:10D1F000423084F8433084F8443084F8453084F871
:10D20000463084F8473084F83D30002010BD80F867
:10D210003C30FCF76BFCD7E70120704730B4036A61
:10D2200023F010030362036A4468826922F080726B
:10D2300022F4E6420D6842EA052223F020038D68BD
:10D2400043EA0513104DA84207D0104DA8420BD059
:10D2500005F58065A8420FD106E023F08003CD6874
:10D2600043EA051323F0400324F440644D6944EA83
:10D2700085048D6944EA8504446082614A6882635A
:10D28000036230BC704700BF002C014000400140E9
:10D2900038B590F83C30012B00F0958004460D46DF
:10D2A000012380F83C30142A00F28880DFE802F085
:10D2B0000B8686861F868686348686864886868680
:10D2C0005D86868671000068FFF740FD22689369DD
:10D2D00043F0080393612268936923F00403936188
:10D2E0002268936929690B439361002067E0006815
:10D2F000FFF794FF2268936943F400639361226807
:10D30000936923F48063936122689369296943EAEE
:10D3100001239361002052E00068FFF755FD226869
:10D32000D36943F00803D3612268D36923F004036F
:10D33000D3612268D36929690B43D36100203EE0A1
:10D340000068FFF779FD2268D36943F40063D36175
:10D350002268D36923F48063D3612268D369296981
:10D3600043EA0123D361002029E00068FFF792FD22
:10D370002268536D43F0080353652268536D23F010
:10D38000040353652268536D29690B4353650020DC
:10D3900015E00068FFF7AAFD2268536D43F40063AF
:10D3A00053652268536D23F4806353652268536D7F
:10D3B000296943EA01235365002000E0012000238E
:10D3C00084F83C3038BD0220FCE701F01F014FF02B
:10D3D000010C0CFA01FC036A23EA0C030362036AE2
:10D3E0008A4013430362704710B5044610293BD8A6
:10D3F000DFE801F0093A3A3A1E3A3A3A253A3A3A1F
:10D400002C3A3A3A330090F83E30DBB2013B18BF79
:10D410000123002B79D1102965D8DFE801F02C64B5
:10D42000646454646464586464645C646464600048
:10D4300090F83F30DBB2013B18BF0123E9E790F8D9
:10D440004030DBB2013B18BF0123E2E790F84130E6
:10D45000DBB2013B18BF0123DBE790F84230DBB2BF
:10D46000013B18BF0123D4E790F84330DBB2013B06
:10D4700018BF0123CDE7022384F83E300122206843
:10D48000FFF7A3FF2368244A934207D002F5A05276
:10D49000934203D002F58062934203D15A6C42F466
:10D4A00000425A6423681C4A934220D0B3F1804F53
:10D4B0001DD002F5A052934219D01A6842F0010221
:10D4C0001A60002022E0022384F83F30D6E70223CE
:10D4D00084F84030D2E7022384F84130CEE70223BB
:10D4E00084F84230CAE7022384F84330C6E79968DB
:10D4F0000A4A0A40062A0AD0B2F5803F09D01A68C3
:10D5000042F001021A60002000E0012010BD00205E
:10D51000FCE70020FAE700BF002C014007000100F3
:10D5200038B504460D4600220068FFF74EFF236819
:10D53000274A934223D002F5A05293421FD002F50E
:10D54000806293421BD02368196A41F21112114282
:10D5500008D1196A40F24442114203D11A6822F0FC
:10D5600001021A60102D2ED8DFE805F0182D2D2DA0
:10D570001D2D2D2D212D2D2D252D2D2D2900196A07
:10D5800041F211121142DED1196A40F244421142B5
:10D59000D9D15A6C22F400425A64D4E7012384F8AA
:10D5A0003E30002038BD012384F83F30F9E70123E5
:10D5B00084F84030F5E7012384F84130F1E7012396
:10D5C00084F84230EDE7012384F84330E9E700BFF7
:10D5D000002C014090F83C20012A2FD030B40346A3
:10D5E000012280F83C20022280F83D200068426839
:10D5F0008468134DA8421CD022F070020D682A43A3
:10D6000042601A680E48824206D0B2F1804F03D0C1
:10D6100000F5A050824204D124F08004896821439F
:10D620009160012283F83D20002083F83C0030BC4B
:10D63000704722F470024D682A43DDE702207047EC
:10D64000002C014090F83C30012B3BD010B4024636
:10D65000012380F83C30CB6823F44073886803438F
:10D6600023F480634868034323F40063086803439A
:10D6700023F480530869034323F4005348690343A8
:10D6800023F48043886A034323F47023886943EAC0
:10D69000004310680C4CA04206D04364002082F87E
:10D6A0003C005DF8044B704723F470034C6A43EA76
:10D6B000045323F08073CC69234323F00073096A79
:10D6C0000B43EAE702207047002C01407047704787
:10D6D0007047026852E8003F23F0C00342E800317F
:10D6E0000029F6D1202383677047026852E8003F83
:10D6F00023F4907342E800310029F6D1026802F168
:10D70000080353E8003F23F00103083242E80031E8
:10D710000029F3D1036E012B05D02023C36700231A
:10D72000036643667047026852E8003F23F0100327
:10D7300042E800310029F6D1EFE700001346826F7E
:10D74000202A48D110B50446002946D0002B46D0E7
:10D7500090F87420012A44D0012280F87420C1641A
:10D76000A0F85030A0F852300022C0F880202122CA
:10D770008267C26EDAB11C49D162C26E1B49116365
:10D78000C26E1B495163C26E002191630268283248
:10D79000C16CC06EFDF788FF48B11023C4F880301B
:10D7A000002384F874302023A367012012E023684B
:10D7B00040221A62002384F87430226802F10803C0
:10D7C00053E8003F43F08003083242E8003100296B
:10D7D000F3D1002010BD022070470120FAE701209C
:10D7E000F8E70220F6E700BFF5D7000861D8000887
:10D7F0006FD8000808B50346806A1B681B6813F0E1
:10D80000200F18D10023A0F85230026802F108035B
:10D8100053E8003F23F08003083242E8003100293A
:10D82000F3D1026852E8003F43F0400342E8003180
:10D830000029F6D108BDFAF7D3FFFBE708B5026867
:10D8400052E8003F23F0400342E800310029F6D1BE
:10D850002023836700238366FAF7C2FF08BD704761
:10D8600008B5806AFFF7FBFF08BD7047704738B501
:10D87000846AA26FE56F23689B6813F0800F01D064
:10D88000212A10D023689B6813F0400F01D0222D6D
:10D8900010D0D4F8803043F01003C4F88030204614
:10D8A000FFF7E4FF38BD0023A4F852302046FFF70D
:10D8B00010FFE7E70023A4F85A302046FFF715FFD2
:10D8C000E7E708B5806A0023A0F85A30A0F8523084
:10D8D000FFF7CCFF08BD704770B504460268D369F6
:10D8E0001168906840F60F0C13EA0C0F0AD113F080
:10D8F000200F0DD011F0200F0AD0636E0BB320461D
:10D9000098471EE010F001051CD1A94E314219D1F3
:10D91000256E012D00F0A48013F4801F03D010F4B5
:10D92000800F40F0328113F0800F03D011F0800F90
:10D9300040F0328113F0400F03D011F0400F40F05F
:10D94000328170BD13F0010F09D011F4807F06D031
:10D9500001201062D4F880200243C4F8802013F024
:10D96000020F09D045B1226802201062D4F880204D
:10D9700042F00402C4F8802013F0040F09D045B12E
:10D98000226804201062D4F8802042F00202C4F819
:10D99000802013F0080F0BD011F0200F00D13DB103
:10D9A000226808201062D4F880200243C4F8802046
:10D9B00013F4006F0CD011F0806F09D022684FF47F
:10D9C00000601062D4F8802042F02002C4F8802069
:10D9D000D4F88020002AB4D013F0200F06D011F024
:10D9E000200F03D0636E0BB120469847D4F88020F7
:10D9F00023689B6813F0400F02D112F0280F28D043
:10DA00002046FFF772FE23689B6813F0400F1CD07E
:10DA1000226802F1080353E8003F23F04003083274
:10DA200042E800310029F3D1236F53B1614A9A6370
:10DA3000206FFDF799FE002883D0206F836B9847F5
:10DA40007FE72046FFF712FF7BE72046FFF70EFF38
:10DA500077E72046FFF70AFF0023C4F8803070E71D
:10DA600013F0100F3FF458AF11F0100F3FF454AF04
:10DA70001023136223689B6813F0400F4ED0226F6F
:10DA800013685B689BB2002B3FF45BAFB4F858108F
:10DA900099427FF656AFA4F85A3013681B6813F00A
:10DAA000200F30D1226852E8003F23F4807342E80F
:10DAB00000310029F6D1226802F1080353E8003F43
:10DAC00023F00103083242E800310029F3D1226833
:10DAD00002F1080353E8003F23F04003083242E814
:10DAE00000310029F3D12023E36700232366226855
:10DAF00052E8003F23F0100342E800310029F6D13C
:10DB0000206FFDF70CFEB4F85810B4F85A309BB2F1
:10DB1000C91A89B22046FFF7DEFE12E7B4F85810A2
:10DB2000B4F85A309BB2C91A89B2B4F85A309BB2D1
:10DB3000002B3FF406AF00293FF403AF226852E800
:10DB4000003F23F4907342E800300028F6D12268A9
:10DB500002F1080353E8003F23F00103083242E8D2
:10DB600000300028F3D12023E36700232366636697
:10DB7000226852E8003F23F0100342E800300028FA
:10DB8000F6D12046FFF7A7FEDBE64FF480131362C1
:10DB9000204600F071FBD4E6A36E002B3FF4D1AE1B
:10DBA00020469847CDE62046FFF748FEC9E600BF6D
:10DBB00020010004C3D8000808B5806A036E012B59
:10DBC00002D0FFF752FE08BDB0F858104908FFF721
:10DBD00082FEF8E708B50346806A1B681B6813F0ED
:10DBE000200F28D10023A0F85A30026852E8003FE5
:10DBF00023F4807342E800310029F6D1026802F173
:10DC0000080353E8003F23F00103083242E80031E3
:10DC10000029F3D1026802F1080353E8003F23F022
:10DC20004003083242E800310029F3D12023C367C2
:10DC3000036E012B05D0036E012B0CD0FAF7DEFD2D
:10DC400008BD026852E8003F23F0100342E80031AB
:10DC50000029F6D1EFE7B0F85810FFF73CFEEFE7E8
:10DC600010B5044683680269134342691343C269CD
:10DC7000134301680868954A02401A430A60226803
:10DC8000536823F44053E1680B435360A169226851
:10DC90008F4B9A4201D0236A1943936823F430636F
:10DCA0000B43936023688B4A93421FD08A4A934266
:10DCB00030D08A4A934246D0854A934255D01022AA
:10DCC00083498B427AD0E069B0F5004F00F0A6801E
:10DCD000082A00F20F81DFE812F0CE00E500CC0048
:10DCE0000D01E8000D010D010D01EB0002F5584298
:10DCF000D2F8882002F00302032A09D8DFE802F0F4
:10DD000002044A060122DBE70422D9E70822D7E70A
:10DD10001022D5E702F5E632D2F8882002F00C0294
:10DD20000C2A0ED8DFE802F0070D0D0D090D0D0DC0
:10DD3000380D0D0D0B000022C2E70422C0E70822B7
:10DD4000BEE71022BCE702F5E432D2F8882002F0E8
:10DD50003002202A22D004D812B3102A22D1042261
:10DD6000AEE7302A20D10822AAE702F5C832D2F85D
:10DD7000882002F44062B2F5006F17D005D8BAB11E
:10DD8000B2F5806F16D104229AE7B2F5406F13D135
:10DD9000082295E7022293E7022291E702228FE709
:10DDA00000228DE710228BE7102289E7022287E705
:10DDB000002285E7102283E7102281E7082A7AD81B
:10DDC000DFE802F008792A792779797905004FF49C
:10DDD000004003E0FEF780FB00286ED0626802EB93
:10DDE000420383426BD8B0EB023F6AD8010E0002B7
:10DDF0005308C0184FF0000341F10001F7F706F88F
:10DE0000A0F54072364B9A425DD82368D860002056
:10DE100044E0FDF70DFFDFE73248DFE7082A63D86B
:10DE2000DFE802F007210562246262620B002D48E0
:10DE300003E0FEF751FB002858D06268530803EB5B
:10DE40004003B3FBF2F3A3F110014FF6EF729142DE
:10DE50004ED89AB222F00F02C3F342031343226852
:10DE6000D36000201AE0FEF749FBE4E7FDF7E0FE8F
:10DE7000E1E71C4803E0FEF72FFB00283CD0636875
:10DE800000EB5300B0FBF3F0A0F110024FF6EF737C
:10DE90009A4233D8236880B2D8600020002363669A
:10DEA000A36610BDFEF72AFBE7E7FDF7C1FEE4E736
:10DEB0004FF40040E3E70120F0E70020EEE7012007
:10DEC000ECE70120EAE70120E8E700BFF369FFEF94
:10DED00000800040003801400044004000480040FD
:10DEE000FFFC0F000024F4000120D7E70020D5E755
:10DEF0000120D3E70120D1E70020CFE70120CDE7C3
:10DF0000436A13F0010F06D00268536823F400330C
:10DF1000816A0B435360436A13F0020F06D0026814
:10DF2000536823F48033C16A0B435360436A13F090
:10DF3000040F06D00268536823F48023016B0B435F
:10DF40005360436A13F0080F06D00268536823F445
:10DF50000043416B0B435360436A13F0100F06D02C
:10DF60000268936823F48053816B0B439360436A88
:10DF700013F0200F06D00268936823F40053C16B9E
:10DF80000B439360436A13F0400F0AD00268536852
:10DF900023F48013016C0B435360036CB3F5801FB3
:10DFA0000BD0436A13F0800F06D00268536823F445
:10DFB0000023816C0B43536070470268536823F45D
:10DFC000C003416C0B435360EBE72DE9F843054672
:10DFD0000F4616469946DDF820802B68DC6937EA43
:10DFE00004040CBF01240024B44253D1B8F1FF3F14
:10DFF000F3D0FBF7ADFFA0EB090040452DD8B8F1F9
:10E00000000F2AD02B681A6812F0040FE5D0DA69E5
:10E0100012F4006FE1D04FF400621A622A6852E8ED
:10E02000003F23F4D07342E800310029F6D12A687A
:10E0300002F1080353E8003F23F00103083242E8ED
:10E0400000310029F3D12023AB67EB67C5F880309E
:10E05000002385F8743003201DE02A6852E8003F51
:10E0600023F4D07342E800310029F6D12A6802F186
:10E07000080353E8003F23F00103083242E800316F
:10E080000029F3D12023AB67EB67002385F87430B8
:10E09000032000E00020BDE8F88330B583B00446DB
:10E0A0000023C0F88030FBF753FF05462268126852
:10E0B00012F0080F0DD123681B6813F0040F16D15E
:10E0C0002023A367E3670020206684F8740003B070
:10E0D00030BD6FF07E430093034600224FF40011E1
:10E0E0002046FFF772FF0028E5D00320EFE76FF02E
:10E0F0007E4300932B4600224FF480012046FFF719
:10E1000064FF0028DCD00320E1E768B310B50446C3
:10E11000836F03B32423A3672268136823F00103EA
:10E1200013602046FFF79CFD012813D0636ABBB93A
:10E130002268536823F4904353602268936823F065
:10E140002A0393602268136843F00103136020469A
:10E15000FFF7A3FF10BD80F87430FBF727FDD9E768
:10E160002046FFF7CDFEE3E70120704710B50446D7
:10E1700013464165A0F858200022C0F880202222D2
:10E18000C267026F8AB12249D162026F21491163CD
:10E19000026F21495163026F002191630168426D52
:10E1A0002431006FFDF780FA38BB002384F8743007
:10E1B000236943B1226852E8003F43F4807342E888
:10E1C00000310029F6D1226802F1080353E8003F2C
:10E1D00043F00103083242E800310029F3D12268FC
:10E1E00002F1080353E8003F43F04003083242E8DD
:10E1F00000310029F3D1002010BD1023C4F8803075
:10E20000002384F874302023E3670120F4E700BF83
:10E21000D5DB0008B9DB00086FD8000838B5C36F3C
:10E22000202B1ED1F9B102B390F87430012B1ED00F
:10E23000012380F874300023036603680D4CA34269
:10E240000CD05B6813F4000F08D0046854E8003F5A
:10E2500043F0806344E80035002DF6D1FFF786FFD8
:10E2600000E0022038BD0120FCE70120FAE702208F
:10E27000F8E700BF0080004070470000024B0146F5
:10E28000186800F02DB800BF6C010020024B014659
:10E29000186800F071BE00BF6C01002070B50F4E11
:10E2A0000C463168054611B900F0E0FD30602146AA
:10E2B000284600F0DBFD431C03D14FF0FF3420461D
:10E2C00070BDC41C24F00304A042F8D0211A2846D3
:10E2D00000F0CCFD0130F2D1EFE700BFE8170020DD
:10E2E0002DE9F843CD1C25F0030508350C2D38BF6A
:10E2F0000C25002D064601DBA94204D90C2333600E
:10E300000020BDE8F883DFF8D48000F069F8D8F881
:10E3100000301C4644BB29463046FFF7BFFF431C74
:10E32000044658D1D8F800402746002F43D1002C8E
:10E330004BD023683946304604EB030900F096FDC4
:10E34000814542D121686D1A29463046FFF7A6FF64
:10E3500001303AD023682B442360D8F800305A6843
:10E3600062BBC8F800700FE02268521B20D40B2A51
:10E3700017D96119A342256018BF5960636808BFA7
:10E38000C8F8001062514B60304600F02FF804F1DD
:10E390000B00231D20F00700C21A1CBF1B1AA3503C
:10E3A000AFE76268A3420CBFC8F800205A60EBE7F1
:10E3B00023466468AEE73C467F68B6E71A465B686A
:10E3C000A342FBD100235360DEE70C2333603046C9
:10E3D00000F00CF894E70560D6E700BFEC170020CA
:10E3E000014800F091BD00BF56190020014800F01F
:10E3F0008DBD00BF56190020002310B50446C0E9AA
:10E400000033C0E90433836081814366C281836144
:10E41000194608225C3000F0F6F80D4B63620D4B94
:10E42000A3620D4BE3620D4B23630D4B24629C42B0
:10E4300006D003F16802944202D0D0339C4205D149
:10E4400004F15800BDE8104000F05CBD10BD00BFF5
:10E450007DE50008A3E50008DBE50008FFE500080E
:10E46000F0170020024A0349034800F069B800BFD2
:10E4700058010020A9F500087001002041680C4BEC
:10E48000994210B5044601D001F08EF8A168094BFD
:10E49000994202D0204601F087F8E168064B994284
:10E4A00004D02046BDE8104001F07EB810BD00BF8A
:10E4B000F017002058180020C018002010B50B4B92
:10E4C0000B4C0C4A1A60204600220421FFF794FFEF
:10E4D00004F1680001220921FFF78EFF04F1D0004A
:10E4E0000222BDE810401221FFF786BF2819002044
:10E4F000F017002065E40008014800F005BD00BFEA
:10E5000057190020014800F001BD00BF5719002035
:10E5100010B50446FFF7F0FF236A1BB1BDE81040B9
:10E52000FFF7F0BF044B2362044B1B68002BF5D1AF
:10E53000FFF7C4FFF2E700BF7DE4000828190020C0
:10E540002DE9F8430746884614460026D4E901958C
:10E55000B9F1010905D52468002CF7D13046BDE892
:10E56000F883AB89012B07D9B5F90E30013303D0FD
:10E5700029463846C04706436835E9E710B50C46DA
:10E58000B1F90E1000F060FC0028ABBF636DA389E9
:10E590001B1823F48053ACBF6365A38110BD00201A
:10E5A00070472DE9F0411F468B89DB0505460C4677
:10E5B000164605D5B1F90E100223002200F032FCF8
:10E5C000A389B4F90E1023F48053A38132463B464D
:10E5D0002846BDE8F04100F059BC10B50C46B1F931
:10E5E0000E1000F01FFC431CA38915BF606523F4C7
:10E5F000805343F48053A38118BFA38110BDB1F9A8
:10E600000E1000F0FFBB02440346934200D1704756
:10E6100003F8011BF9E7000038B50B4B1D686B6B65
:10E62000044653B92420FFF729FE0246686320B947
:10E63000064B0748322100F081FC696B2046BDE89B
:10E64000384000F007B800BF6C010020380901080D
:10E650004F0901082DE9F0410C46074601F01CF86E
:10E6600021460546384601F01BF8436999070446E0
:10E6700003F26C7806D1642298FBF2F302FB138359
:10E68000002B71D14FF4C87298FBF2F302FB138395
:10E69000B3FA83F35B095E42644B06F030061E4416
:10E6A00000F07CF900F086F9614B1B68002B6AD002
:10E6B0006B6843455AD1D7E900232F68D5E9080193
:10E6C000002F5BD1824273EB01015EDB01232362E9
:10E6D0002B6D61684FF4616293FBF2F002FB103323
:10E6E0003C2293FBF2F502FB153223689B1AA268C9
:10E6F0002360491B121A3B2B6160A26051DD01317E
:10E7000061603C3B236063683B2B50DD0132A260BB
:10E710003C3B6360A368172B4FDDE2690132E26185
:10E72000A2690132072AA8BF0022A261E268183B51
:10E730000132A3602369E26056F823108A420EDD9D
:10E740000B2BA2EB0102E26003F1010209BF636936
:10E7500022610022013302BF22616361E26100F0A5
:10E7600023F92046BDE8F081012394E7404600F0FC
:10E7700061F800289FD14FF0FF3304E0824273EB31
:10E78000010102DA0023236209E0D5E91201824285
:10E790008B41B4BF012300232362002B98D1AB6AC5
:10E7A00097E7002BAFDA013961603C33AAE7002B11
:10E7B000B0DA013AA2603C33ABE7002BCFDAE26972
:10E7C000013AE261A269013A48BF0622A261E26809
:10E7D0001833013AE260A360002AC0D12369013BEB
:10E7E00005D42361236956F82330E360B7E70B2390
:10E7F000236163695A1E6261920703F26B7305D14C
:10E80000642193FBF1F201FB123262B94FF4C8723A
:10E8100093FBF2F102FB1133B3FA83F35B0903F5C7
:10E82000B673E361DEE70123F9E700BF800A010860
:10E830004C1900202DE9F843044600F02DFF40F26A
:10E84000B1739C4240F3A3806FF4F6616518A4F2A3
:10E85000B27340F26D12AD1002FB03556FF4C8663F
:10E860006FF06302A4F26D7393FBF2F31D44A319DE
:10E87000484E44604FF4C8720146B3FBF2F300F116
:10E8800050071D440B7AD1F814C04A2B38D1A20787
:10E8900005EB0C0306D14FF0640E94FBFEF20EFB69
:10E8A000124232B94FF4C87E94FBFEF20EFB1242C4
:10E8B0001ABBBCF13B0FD4BF4FF0000C4FF0010C62
:10E8C0006344013B8A694FEAE27CC3FB062C8B6AF6
:10E8D000D2184CEBE373C1E9082328318F42D1D120
:10E8E000D0E90843D0E912128C429341B4BF01230E
:10E8F000002303600120BDE8F8834FF0000CDFE740
:10E90000442B02D105EB0C03DCE7A30705D16422FD
:10E9100094FBF2F302FB134393BB4FF4C87294FBD6
:10E92000F2F302FB1343B3FA83F35B09DFF868E009
:10E93000D1F80C905B4203F030032A464FF00008F8
:10E94000734408F10108C14553F828E01ADC02F1CC
:10E950000408072398FBF3F3C3EBC303A8EB0303FB
:10E96000BCEB030C0B6903F1FF3348BF0CF1070C40
:10E97000C3EBC3039C44F44506DA02EB0C03A1E7A6
:10E980000123D3E77244DCE7ACF1070CF3E7002086
:10E99000B1E700BF805101007C0A0108014800F086
:10E9A000B2BA00BF54190020014800F0AEBA00BF4F
:10E9B00054190020014B186800F002B86C010020C7
:10E9C0002DE9F04F8DB0074600F066FEBC49BD4D05
:10E9D0000446384600F056FB064610BBBA4BBB4A0D
:10E9E0001860BB4BA0621860BA4B2065C3E90022D7
:10E9F0004A2100220023C4E90300C4E90500C4E958
:10EA00000D00C4E90F00C4E90823C4E912232868F3
:10EA1000217284F83010FFF739FC2E600DB0BDE88C
:10EA2000F08F2968002940F08E802868FFF72EFCBF
:10EA30003046F5F7D7FC411C3846FFF751FC2860FB
:10EA4000002840F08680A24ADFF88882DFF878A2AA
:10EA500000231360A04ACAF8003000200021C8E952
:10EA60000022C4E90333C4E90533C4E90801C4E959
:10EA70000D33C4E90F33C4E912014A222272A362A2
:10EA800084F83020236533783A2B08BF0136337879
:10EA90003C2B62D1751C914A91490AAB284600F083
:10EAA000BDFD0028BADD0A9BDA1E072AB6D8EB5C4A
:10EAB0003E2BB3D102360A9BF518F35C2D2B5AD1AD
:10EAC00001354FF0FF390023ADF81E30ADF820308E
:10EAD00008AF0AABCDE9013703930DF11E03009394
:10EAE00080490AAB07AA284600F098FD002895DD6A
:10EAF000BDF81E30BDF820603C2202FB0366BDF865
:10EB00001C304FF4616202FB03660A9B09FB06F6A8
:10EB100005EB0309EB5C3C2B40F0EE8009F10105AD
:10EB2000714A6F490AAB284600F078FD002828DCBE
:10EB300099F801303E2B24D1684BA662C8E9003316
:10EB4000CAF800606AE7F5F743FC00287FF46DAF70
:10EB500064E7314600F0DBF975E7604A63490AABC8
:10EB6000304600F05BFD00287FF758AF0A9B033B5F
:10EB7000072BA0D952E72B2B08BF01354FF0010915
:10EB8000A1E70A9BDA1E072A3FF648AFEB5C3E2B53
:10EB90007FF444AF09F102090A9B09EB030519F858
:10EBA00003302D2B40F0B78001354FF0FF390023A3
:10EBB000ADF81C30ADF81E30ADF820300A930AAB2A
:10EBC000CDE9027301930DF11E03009345490AAB91
:10EBD00007AA284600F022FD002800F3A280A6F52F
:10EBE000616304930A9B27461D444FF0000B2B786A
:10EBF0002C2B08BF013595F80090B9F14D0F40F06E
:10EC0000A3800AAB0DF12602CDE9013209AA0092D8
:10EC1000374903930DF12202284600F0FFFC032838
:10EC20007FF4FCAEBDF822104B1E0B2B3FF6F6AE68
:10EC3000BDF82420531E042B3FF6F0AEBDF826305D
:10EC4000062B3FF6EBAEC7E9031287F808907B610D
:10EC50000A9B05EB030900254FF00203ADF81C30B9
:10EC6000ADF81E50ADF820500A9599F800302F2BC2
:10EC700040F096800AAB08AACDE901320DF11E02E0
:10EC800000921C49039307AA484600F0C7FCA8421B
:10EC900000F386804A2100220023C4E90355C4E919
:10ECA0000555C4E90823C4E90D55C4E90F55C4E965
:10ECB00012232172A56284F830102565AEE600BFEC
:10ECC000A80901082C19002048190020AB090108E7
:10ECD0004C19002064010020310A01083C19002071
:10ECE000AF090108E409010830190020C209010830
:10ECF000D0090108E30901083E4A3F490AAB4846EA
:10ED000000F08CFC00287FF717AF0A9B033B072B12
:10ED10007FF642AF82E62B2B08BF01354FF0010989
:10ED200045E7BDF81E20BDF820303C2101FB023331
:10ED3000BDF81C204FF4616101FB023309FB03F3B2
:10ED40004FE74FF0010B52E7B9F14A0F06BF01350B
:10ED50004B4644230A220BA92846059300F00AFAE1
:10ED6000DDF82C90059BADF82600A94514D14D2364
:10ED7000BBF1000F07D1237203210223C4E903135F
:10ED8000C4F814B067E784F830300B220123C4E9DB
:10ED90000D230023E3635EE780B23B7278615AE79C
:10EDA000BDF81E20BDF820303C2101FB0233BDF828
:10EDB0001C204FF4616101FB0233BB610A9D2837BF
:10EDC0004D44BBF1000FBCD0049B23650B4BC8F82E
:10EDD00000306068074BA662C8F80430FFF72AFDD0
:10EDE000A26A236DCAF800209B1A054A18BF0123A6
:10EDF000136013E630190020C20901083C190020F5
:10EE00004C19002038B5064D0023044608462B60F7
:10EE1000FAF7DEFF431C02D12B6803B1236038BD33
:10EE20005019002038B5074D044608461146002207
:10EE30002A601A46FAF7D6FF431C02D12B6803B1A9
:10EE4000236038BD5019002038B5074D04460846E8
:10EE5000114600222A601A46FAF79CFF431C02D191
:10EE60002B6803B1236038BD5019002038B5064D1A
:10EE70000023044608462B60FAF7B6FF431C02D174
:10EE80002B6803B1236038BD5019002038B5074DF9
:10EE900004460846114600222A601A46FAF78AFFFD
:10EEA000431C02D12B6803B1236038BD50190020E8
:10EEB000014B1868704700BF6C01002070B50D4D04
:10EEC0000D4C641BA4100026A64209D10B4D0C4C1E
:10EED00001F0FCFC641BA4100026A64205D170BD05
:10EEE00055F8043B98470136EEE755F8043B984740
:10EEF0000136F2E7EC0B0108EC0B0108EC0B010802
:10EF0000F00B010870477047704770477047034621
:10EF100011F8012B03F8012B002AF9D170470A449C
:10EF2000914200F1FF3300D1704710B511F8014B49
:10EF300003F8014F9142F9D110BD00001FB51446EE
:10EF40001A46094B1B680546D8684CB1074B00911F
:10EF5000CDE9013406492B4600F04EFB00F046FC9B
:10EF6000044B1C46F3E700BF6C010020F6090108C2
:10EF7000030A0108310A010838B50546002941D0C5
:10EF800051F8043C0C1F002BB8BFE418FFF728FA17
:10EF90001D4A136833B9636014602846BDE83840E1
:10EFA000FFF724BAA34208D9206821188B4201BF79
:10EFB00019685B6809182160EDE71A465B680BB1B8
:10EFC000A342FAD911685018A0420BD1206801441D
:10EFD000501883421160E0D118685B6853600844A0
:10EFE0001060DAE702D90C232B60D6E720682118DD
:10EFF0008B4204BF19685B68636004BF0918216015
:10F000005460CAE738BD00BFEC1700202DE9F84F67
:10F01000DFF86CA006468946174600F0EFFBDAF8E9
:10F02000004034B14B46984613F8012B3AB13D2AC3
:10F03000F9D1304600F0E8FB0020BDE8F88FA8EBDE
:10F040000908A34654F8040B0028F2D0424649466A
:10F0500000F010FB0028F4D154F8043C03EB080541
:10F0600013F808303D2BECD1DAF80030ABEB03039A
:10F070009B1030463B6000F0C7FB681CDDE700BF1B
:10F080004801002007B501AAFFF7C0FF03B05DF8F3
:10F0900004FB00002DE9F043344E86460D46284619
:10F0A00015F8014B375D17F00807F8D12D2C10D15A
:10F0B0002C780127851C33F0100015D1302C0DD190
:10F0C000287800F0DF00582808D16C78023510232A
:10F0D0000AE02B2C04BF2C78851CECE7002BF6D122
:10F0E000302C14BF0A2308234FF0FF380026B8FB4A
:10F0F000F3F803FB08F96FEA09093046A4F1300C74
:10F10000BCF1090F10D86446A3421EDDB6F1FF3FE3
:10F1100007D0804516D301D1A14513DB00FB034086
:10F12000012615F8014BE9E7A4F1410CBCF1190FD8
:10F1300001D8373CE8E7A4F1610CBCF1190F04D801
:10F14000573CE1E74FF0FF36EBE7731C06D1222373
:10F15000CEF80030304632B9BDE8F08307B1404206
:10F16000002AF9D006B1691E1160F5E7E10A01082D
:10F17000FFF790BF13460A46014602480068FFF7B2
:10F1800089BF00BF6C0100202DE9F0471646984664
:10F190008A680B69DDF820909342B8BF134633604C
:10F1A00091F8432007460C460AB1013333602368C7
:10F1B000990642BF336802333360256815F00605AF
:10F1C00006D104F1190AE36832689B1AAB4226DCC7
:10F1D00094F843302268003B18BF012392062BD4D9
:10F1E00004F1430241463846C84701301ED0236827
:10F1F000226903F00603042B02BFE5683368ED1AA9
:10F20000A3680CBF25EAE57500259342C4BF9B1A8D
:10F21000ED1800261A34B5421AD1002008E0012367
:10F22000524641463846C847013003D14FF0FF30BF
:10F23000BDE8F0870135C6E7E1185A1C302081F897
:10F240004300224494F8451082F843100233C7E784
:10F250000123224641463846C8470130E6D00136F0
:10F26000D9E700002DE9FF470F7E0C9E782F9146CD
:10F2700080460C469A4601F1430207D8622F0AD80D
:10F28000002F00F0D180582F00F0B88004F1420622
:10F2900084F842703AE0A7F16303152BF6D801A178
:10F2A00051F823F0FDF2000811F300088DF2000878
:10F2B0008DF200088DF200088DF2000811F30008AD
:10F2C0008DF200088DF200088DF200088DF2000822
:10F2D0000FF400083BF30008C9F300088DF20008A2
:10F2E0008DF2000831F400088DF200083BF30008AD
:10F2F0008DF200088DF20008D1F3000833681A1D62
:10F300001B68326004F1420684F8423001239CE01D
:10F3100033682068191D3160060601D51D6803E0B9
:10F320004506FBD5B3F90050002D03DA2D236D42BD
:10F3300084F8433058480A2311E0216833680806EE
:10F3400053F8045B02D4490648BFADB26F2F524850
:10F35000336014BF0A230823002184F84310666831
:10F36000A660002E05DB21682E4321F004012160F8
:10F370004BD01646B5FBF3F103FB1157C75D06F8FA
:10F38000017D2F46BB420D46F4D9082B0BD12368D3
:10F39000DF0708D5236961689942DEBF302306F88C
:10F3A000013C06F1FF36921B2261CDF800A04B46CE
:10F3B00003AA21464046FFF7E7FE01304AD14FF04D
:10F3C000FF3004B0BDE8F087236843F020032360DA
:10F3D0003248782784F84570236831681F0651F851
:10F3E000045B02D45F0648BFADB23160D90744BFA9
:10F3F00043F0200323601DB11023ADE72648E9E761
:10F40000236823F020032360F6E71646BDE7336840
:10F4100025686169181D30602E061B6801D51960CA
:10F4200002E06806FBD51980002323611646BCE77D
:10F4300033681A1D32601E68626800213046F4F796
:10F44000DFFF08B1801B606063682361002384F8DC
:10F450004330AAE72369324649464046D047013047
:10F46000ADD023689B0713D4E068039B9842B8BFD4
:10F470001846A6E70123324649464046D0470130A8
:10F480009DD00135E36803995B1AAB42F2DCEBE7F0
:10F49000002504F11906F5E7320A0108430A0108BC
:10F4A000B1F90C202DE9F041160705460C4654D45D
:10F4B0004B68002B02DC0B6C002B48DDE66A002E4B
:10F4C00045D0002312F480522F68216A2B6030D07F
:10F4D000626DA389590705D56368D21A636B0BB1B6
:10F4E000236CD21A0023E66A216A2846B047431CDF
:10F4F000A38906D129681D292BD82A4ACA40D607D4
:10F5000027D500226260D9042269226004D5421CFA
:10F5100001D12B6803B96065616B2F60B9B104F14B
:10F520004403994202D02846FFF726FD0023636377
:10F530000DE001232846B0470246501CC9D12B6874
:10F54000002BC6D01D2B01D0162B1ED12F60002002
:10F5500022E043F040031BB21BE00F69002FF6D0FE
:10F5600093070E6808BF4B690F6018BF0023A6EB16
:10F5700007088B60B8F1000FE9DD216AA66A4346EF
:10F580003A462846B047002808DCB4F90C3043F06E
:10F590004003A3814FF0FF30BDE8F0810744A8EBA2
:10F5A0000008E7E70100402038B50B6905460C4626
:10F5B00013B90025284638BD18B1036A0BB9FEF708
:10F5C000A7FFB4F90C30002BF3D0626ED00704D43F
:10F5D000990502D4A06DFFF797FC28462146FFF756
:10F5E0005FFF636EDA070546E4D4A3899B05E1D487
:10F5F000A06DFFF78BFCDDE70EB403B5014603AB4E
:10F60000054853F8042B0068019300F02BFB02B06F
:10F610005DF804EB03B070476C0100200EB470B5C8
:10F620009DB021AC00254FF4017254F8046BADF885
:10F6300014201B9502900690F4F7D4FE0B4B039018
:10F6400007900B480B934FF6FF73ADF81630324618
:10F65000234602A900680F951495019400F062F901
:10F660001DB0BDE8704003B0704700BF9FE50008C3
:10F670006C01002010B56AB10139841810F8012B13
:10F6800011F8013F9A4203D1A04201D0002AF5D1DE
:10F69000D01A10BD1046FCE700487047C00100209A
:10F6A0002DE9F0414D4A0C460023D0E90001F5F761
:10F6B0005DFB002ABCBF02F5A83202F5C0724FF410
:10F6C000616100F52F20B2FBF1F301FB13224FF033
:10F6D0003C01ACBF00F66C2000F66B20A360B2FBCF
:10F6E000F1F301FB132263602260C31C072293FB2A
:10F6F000F2F2C2EBC2029B1A394955D50733A36116
:10F70000A0F50E33A3F52C7393FBF1F1354B03FBFE
:10F71000010048F6AC63B0FBF3F3034440F2B45C81
:10F72000B0FBFCF29B1A40F26D172F4AB0FBF2F2CD
:10F7300064269B1AB3FBF7F2B3FBFCF3B2FBF6F5BE
:10F74000EB1A034407FB1233992003EB83070237BC
:10F7500003F1010EB7FBF0FC00FB0CF002304FF0A0
:10F760000508B0FBF8F0AEEB000040F2F95E77451B
:10F770008CBF6FF00907022767444FF4C87C0CFB6D
:10F780000121012F98BF0131B3F5997F12D3A3F561
:10F790009973E361A1F26C710023E060C4E9047124
:10F7A00023622046BDE8F0810028A361A8DB90FB1E
:10F7B000F1F1ABE712F0030F02D106FB15255DB99D
:10F7C0004FF4C875B2FBF5F605FB1622B2FA82F2C9
:10F7D00052093B331344DCE70122FAE78051010070
:10F7E000B13A02004FC5FDFFB03A020008B506204D
:10F7F00000F0CEFD0120FAF7C7FA00000148FFF73C
:10F8000083BB00BF551900200148FFF77FBB00BF35
:10F81000551900202DE9F041074614460D4621B93F
:10F82000BDE8F0411146FEF75BBD2AB9FFF7A4FB26
:10F8300025462846BDE8F08100F0C6FD8442064614
:10F8400002D8B4EB500FF4D821463846FEF748FDF5
:10F85000804608B94546ECE7B4422246294628BF0F
:10F860003246FFF75CFB29463846FFF785FBF1E798
:10F8700038B54B1C144603D14FF0FF35284638BD30
:10F88000938923F020039381636B5268CDB28BB1CF
:10F89000A36B934208DD23685A1E226003F8015CC3
:10F8A000636801336360E9E7214600F07AFC0028D1
:10F8B000F1D0E1E72169236851B1994208D213F8E8
:10F8C000011CA94204D1013B013223606260D5E7EB
:10F8D000C4E90F3204F1440363630323A3632346A3
:10F8E00003F8465F23600123DCE710B50C46496B43
:10F8F00069B104F14403994201D0FFF73DFB236C49
:10F9000063600020606313B1E36B236010BD236963
:10F91000236000236360A38943F02003A3814FF099
:10F92000FF30F3E72DE9F04F0C46ADF5237D0021C4
:10F93000CDE94411A649A0910DF10408A549A64FAF
:10F94000CDF818810646A191009392F80090B9F184
:10F95000000F00F0588117F8093013F0080302F186
:10F96000010519D06368002B0FDD23681A78BA5C93
:10F97000120701D42A46E8E7459A013245926268A7
:10F980000133013A62602360ECE7A19B21463046D7
:10F9900098470028E9D0EDE7B9F1250F40F08580C0
:10F9A0004193439353782A2B02BF1023951C419314
:10F9B0000A22AA461AF8011BA1F13003092B1ED90D
:10F9C000DFF818B203225846F4F71AFD38B1419A0D
:10F9D000A0EB0B000123834013434193554615F8D8
:10F9E000013B782B06D8572B10D8252B5DD057D844
:10F9F000002B75D0032347930A23429388E0439B4F
:10FA000002FB0311303943915546D2E7A3F1580266
:10FA1000202AEFD801A151F822F000BFEFFA000828
:10FA2000F5F90008F5F9000849FB0008F5F90008A8
:10FA3000F5F90008F5F90008F5F90008F5F90008EE
:10FA4000F5F90008F5F900085FFB000845FB000820
:10FA5000A7FA0008A7FA0008A7FA0008F5F90008B5
:10FA600001FB0008F5F90008F5F90008F5F90008B0
:10FA7000F5F900086FFB000809FB0008E7FA000829
:10FA8000F5F90008F5F900086BFB0008F5F9000826
:10FA900045FB0008F5F90008F5F90008EFFA000841
:10FAA000453B022BA6D8052331E06368002B0DDD12
:10FAB00023681A784A4540F0A680013362682360C3
:10FAC000459B013A01336260459353E7A19B214670
:10FAD000304698470028EBD04498002840F08B80AF
:10FAE0004FF0FF308BE0419A42F020024192419A60
:10FAF00042F40072419210226E2B429202D905E02C
:10FB000000234293032302E00823429304234793F4
:10FB10006368002B39DD419B590604D423681A78A9
:10FB2000BA5C120738D4479B022B47DC6B4622464F
:10FB300041A9304600F0AEF9012864D002287FF4D4
:10FB400019AFC9E70A22D7E72946404600F0F0FA84
:10FB5000419B43F04003419305460123D7E7419B76
:10FB600043F0400341930023D1E70223CFE74198BC
:10FB7000C3063FF5FFAE009B459A191D00911B6817
:10FB8000C0074CBF1A801A60F4E6A19B214630469C
:10FB900098470028BFD09FE7459A01324592626896
:10FBA000013A002A626002DD01332360B6E7A19BBF
:10FBB0002146304698470028B0D08DE7042B0FDC53
:10FBC0006B46224641A9304600F0BEF9B4E700BFBB
:10FBD00071F80008EBF80008E10A0108540A01086E
:10FBE0000A4B002B3FF4C6AE6B46224641A9304675
:10FBF000AFF30080A0E7A3895B063FF571AF0DF579
:10FC0000237DBDE8F08F4498F9E700BF00000000B5
:10FC10009368013B002B10B4936008DA9469A34207
:10FC200001DB0A2903D15DF8044B00F0F4BA136834
:10FC3000581C1060197008465DF8044B7047F8B501
:10FC400006460F461446D518AC4201D1002007E005
:10FC500014F8011B3A463046FFF7DAFF431CF3D194
:10FC6000F8BD00002DE9F04F0D469DB014469846B2
:10FC7000064618B1036A0BB9FEF74AFC6B6ED9074A
:10FC800005D4AB899A0502D4A86DFFF73DF9AB897D
:10FC90001B0701D52B699BB92946304600F0FAFABB
:10FCA00070B16B6EDC0704D54FF0FF301DB0BDE8BE
:10FCB000F08FAB899805F7D4A86DFFF727F9F3E724
:10FCC0000023099320238DF82930CDF80C803023B0
:10FCD000DFF8AC818DF82A304FF0010923469A46AF
:10FCE00013F8012B0AB1252AF9D1BAEB040B0BD07A
:10FCF0005B46224629463046FFF7A1FF013000F05F
:10FD0000A780099A5A4409929AF80030002B00F013
:10FD10009F8000234FF0FF32CDE905230AF1010A4D
:10FD2000049307938DF853301A935446052214F820
:10FD3000011B5348F4F764FB049AD8B9D10644BFB9
:10FD400020238DF85330130744BF2B238DF85330F5
:10FD50009AF800302A2B15D0079A544600204FF00D
:10FD60000A0C214611F8013B303B092B4BD9B0B1AD
:10FD7000079214E0A0EB080309FA03F3134304937A
:10FD8000A246D2E7039B191D1B680391002BBBBF42
:10FD90005B4242F0020207930793B8BF04922378B4
:10FDA0002E2B0AD163782A2B32D1039B1A1D1B6894
:10FDB000039243EAE37302340593DFF8D4A0217879
:10FDC00003225046F4F71CFB38B1049BA0EB0A0059
:10FDD0004022824013430134049314F8011B294844
:10FDE0008DF828100622F4F70BFB00283FD0264B95
:10FDF0001BBB039B073323F0070308330393099BC3
:10FE00003B4409936AE70CFB02320C460120A8E749
:10FE100000230134059319464FF00A0C204610F8D0
:10FE2000012B303A092A03D9002BC6D00591C4E72B
:10FE30000CFB012104460123F0E703AB00932A46A3
:10FE4000124B04A93046AFF300800746781CD6D188
:10FE50006B6ED90705D4AB899A0502D4A86DFFF75C
:10FE600055F8AB895B063FF51FAF09981EE703AB5A
:10FE700000932A46054B04A93046FFF7F3F9E4E75F
:10FE8000580A01085E0A0108000000003FFC000853
:10FE9000540A01082DE9F84315468A6880460C4645
:10FEA00032B98A69002A14BF4FF0FF3201228A60FA
:10FEB0002268DFF89090D1065FBF1A68111D1960A3
:10FEC00016680027A06988B1012807D12B681A7825
:10FED00063699B5C53B9002F31D022E0022820D106
:10FEE0002B681B7819F803301B071AD42368DA062D
:10FEF0005EBF2B681B7806F8013B2A686B680132ED
:10FF00002A60A268013B013A6B600137A26042B1EE
:10FF1000002BD7DCD4F8803129464046984700288A
:10FF2000D0D0236813F0100305D1E2680132E260FB
:10FF3000A26902B1337023693B4423610020BDE80C
:10FF4000F88300BFE10A01082DE9F04F9846744B91
:10FF50000C468246164693E8070087B003AB83E859
:10FF60000700704BA169704A032908BF1A46A368AD
:10FF700001925A1EB2F5AE7F88BF6FF4AE75274668
:10FF800082BF03EB050940F25D13A36057F81C3BE9
:10FF900043F4506398BF4FF0000923603D464FF093
:10FFA000000B316803AB097853F82B000222F4F7F9
:10FFB00027FA28B3BBF1010F59D162682AB9226828
:10FFC000082142F4007261602260226822F4A0627B
:10FFD0002260A268511EA16092B13268511C31604A
:10FFE000127805F8012B7268013A002A726007DC6A
:10FFF000D4F88021314650469047002840F0858053
:020000040801F1
:100000000BF1010BBBF1030FCBD163680BB90A23D2
:100010006360636845496069C91A00F089F84FF068
:10002000000BA3682268002B3DD03168606991F80D
:1000300000C010F80C00002835D0BCF1300F24D1DE
:10004000100522D50BF1010BB9F1000F03D00133DC
:1000500009F1FF39A3607368013B002B73601BDD5E
:10006000336801333360A368013BA360D9E7BBF178
:10007000020FAED1226802F4C061B1F5007FC4D195
:100080001021616042F48072A2E722F410622260C3
:100090000B7805F8013BDEE7D4F880313146504655
:1000A00098470028DFD02368D9050DD5BD4209D96E
:1000B00015F8011CD4F87C3132465046984705F1BA
:1000C000FF394D46BD4228D0226812F0100213D1EC
:1000D0002A706368019E39465046B047D8F8003010
:1000E00021681A1DC8F8002011F0200F1B680FD0DE
:1000F0001860E3680133E3602369ED1B5D442B4422
:100100002361002007B0BDE8F08F4FF0000BCAE775
:10011000CA074CBF18801860EBE70120F2E700BF68
:10012000E4080108CD04010871F10008750A01080E
:1001300070B50B7804465E2B0BBF4B784A1C8A1CAB
:10014000002108BF0121013804F1FF0500F8011F5B
:10015000A842FBD10BB9501E70BD81F00101E154E2
:100160001046024612F8015B2D2D05D05D2D16D0EC
:10017000002DF1D02B46F2E746785D2EFAD0B3423F
:10018000F8DC02301A4601329642A154FBDCF21A26
:10019000013A5D1CB342A8BF0022AB18E1E710464C
:1001A000DAE72DE9F0410C46496B04F1440399422A
:1001B0001DD14FF48061FEF793F818B94FF0FF306E
:1001C000BDE8F0814FF48063A36394F84630606328
:1001D00080F8FF3394F8453080F8FE3394F84430CB
:1001E00080F8FD3300F2FD3020600020E8E7A66BC8
:1001F00077003A46FFF70EFB05460028DED000EBFD
:100200000608014632464046FEF789FEC4E90D570E
:10021000C4F80080E9E7F8B50E461446054618B163
:10022000036A0BB9FEF774F9A369A360A3891A07DF
:1002300001D5236943B92146284600F02BF818B1AF
:100240004FF0FF373846F8BD23682269981A636972
:10025000F6B28342374605DC21462846FFF7A4F96B
:100260000028EDD1A368013BA36023685A1C2260DB
:100270001E706269431C9A4204D0A389DB07E1D552
:100280000A2EDFD121462846FFF78EF90028D9D063
:10029000D6E7000038B5294B054618680C4618B15A
:1002A000036A0BB9FEF734F9B4F90C30190722D4FC
:1002B000DA0607D409222A6043F04003A3814FF0F5
:1002C000FF3033E0580712D5616B41B104F14403AC
:1002D000994202D02846FEF74FFE00236363A389AC
:1002E00023F02403A3810023636023692360A3898F
:1002F00043F00803A38123694BB9A38903F4207356
:10030000B3F5007F03D02146284600F007F9B4F981
:100310000C3013F001020AD00022A260626952423E
:10032000A261226942B913F08000C5D138BD990796
:1003300058BF6269A260F4E70020F7E76C01002073
:100340001F2938B505460C4604D9162303604FF023
:10035000FF3038BDC26B12B152F821304BB928467C
:1003600000F030F8224601462846BDE8384000F04B
:1003700017B8012B0AD0591C03D1162303600120A2
:10038000E7E7002142F82410204698470020E0E7E4
:10039000024B01461868FFF7D3BF00BF6C01002075
:1003A00038B5074D00230446084611462B60F9F77F
:1003B000E3FC431C02D12B6803B1236038BD00BFAE
:1003C00050190020F9F7D6BC51F8043C181F002B37
:1003D000BCBF0B58C0187047242B2DE9F047864648
:1003E000904601D8012B06D1FEF762FD162303606B
:1003F0000020BDE8F08734480D462A4615F8014B29
:10040000065D16F00806F8D12D2C10D12C780126A7
:10041000951C33F0100215D1302C0DD12A7802F042
:10042000DF02582A08D16C78023510230AE02B2C01
:1004300004BF2C78951CECE7002BF6D1302C14BFB0
:100440000A23082306F1004C0CF1FF3C0022BCFB00
:10045000F3F9104603FB19CAA4F13007092F0FD88E
:100460003C46A3421BDD571C07D0814514D301D164
:10047000A24511DB00FB0340012215F8014BEBE71D
:10048000A4F14107192F01D8373CEAE7A4F161072D
:10049000192F04D8573CE4E74FF0FF32EDE7531C27
:1004A00008D12223CEF800306046B8F1000FA0D06A
:1004B000691E06E006B14042B8F1000F99D0002A4B
:1004C000F6D1C8F8001094E7E10A0108FFF784BFED
:1004D00070B50C46B1F90E10002996B015461E46AF
:1004E0000DDAA38913F0800F4FF0000114BF4023F1
:1004F0004FF48063002031602B6016B070BD6A46F7
:1005000000F048F80028ECDB019901F47041A1F5F6
:100510000053594259414FF48063EBE78B89F7B59B
:100520009D0706460C4607D504F147032360236167
:100530000123636103B0F0BD01AB6A46FFF7C8FF5A
:10054000009F054639463046FDF7CAFE48B9B4F962
:100550000C309A05EED423F0030343F00203A38189
:10056000E2E7A389206043F08003A381019BC4E9F3
:1005700004075BB1B4F90E10304600F01DF828B145
:10058000A38923F0030343F00103A381A3891D433F
:10059000A581CFE738B5074D00230446084611462C
:1005A0002B60F9F718FC431C02D12B6803B12360C0
:1005B00038BD00BF5019002038B5064D0023044651
:1005C00008462B60F9F70CFC431C02D12B6803B1E1
:1005D000236038BD5019002008B52DED028BB0EE18
:1005E000408A00F079F8B4EE488AF1EE10FAF0EEA5
:1005F000408A15D6B0EE480A00F01AF8F7EE007AF5
:10060000B4EEE70AF1EE10FA0ADDFEF751FCBDEC9C
:10061000028B21230360BDE80840044800F010B8B5
:10062000B0EE680ABDEC028B08BD00BF310A0108BC
:1006300010EE103A23F0004300EE103A704700002D
:100640009FED010A704700BF0000C07F51EC100B06
:1006500070B5C1F30A54A4F2FF32132A0B460546C3
:100660001BDC002A0BDA01F00043013204BF43F027
:100670007F5343F4401300221946104615E0154CF1
:10068000144104EA010606430FD04FF4002141FA59
:1006900002F2134423EA0403EDE7332A08DDB2F53E
:1006A000806F02D10246F3F701FF41EC100B70BDE1
:1006B000A4F213464FF0FF34F4400442F5D0C2F1E7
:1006C000330101228A40521928BF013322EA040271
:1006D000D2E700BFFFFF0F0008B510EE103A23F07D
:1006E0000042B2F17E5F2DED0C8B0AD19FED640AC2
:1006F000DFED647A002BC8BFB0EE670ABDEC0C8B4F
:1007000008BD04D930EE408A88EE080AF6E7B2F157
:100710007C5F3CD2B2F10C5F40F2AF8060EE007AB9
:10072000DFED596A9FED597A9FED596AA7EEA67AD7
:10073000DFED586AE7EE276A9FED577AA6EEA77AB3
:10074000DFED566AE7EE276A9FED557AA6EEA77AA7
:10075000DFED546AA7EEA66ADFED536AE6EE276A7C
:100760009FED526AA6EEA76AF7EE006AE6EE276AE8
:1007700027EE277ADFED4E7A87EE266AE0EE467A9C
:1007800070EE677A9FED4B0A30EE670AB6E7002BF2
:10079000DFED3DDADFED3DCA9FED3ECADFED3EBA4B
:1007A0009FED3EBADFED3E8A9FED3EDADFED38AADF
:1007B0009FED3DAADFED3D9AB7EE009AF6EE007A86
:1007C00028DA30EE098A28EE270AE0EE2DCAE0EE9C
:1007D0000DAAACEE80CAAAEE80AAECEE00BAEAEE50
:1007E000009AABEE80BAA9EE809AEBEE008A68EE32
:1007F000808A00F067F888EE897ADFED2F7AE0EEE4
:10080000077AB0EE007A77EE807A9FED2C0AA7EE99
:10081000C70A73E739EE408A28EE278AB0EE480A05
:1008200000F050F8E8EE2DCAE8EE0DAAACEE88CA4A
:10083000AAEE88AAECEE08BA10EE103AABEE88BA2F
:100840006FF30B03EAEE089A07EE903AEBEE088A94
:10085000B0EE486AA7EEE76AA9EE889A70EE276ABA
:1008600068EE888A86EE267AC8EE896AA0EE267A35
:1008700037EE870A30EE000A40E79FED110A3DE7A8
:10088000DB0F49400000000008EF1138047F4F3AA9
:10089000613330BF461124BDA80A4E3E90B0A6BEBB
:1008A000ABAA2A3E2EC69D3D2D57014039D119C015
:1008B0006821A233DA0FC93F6821A2B3DA0F494099
:1008C000DB0FC93FB1EEC00A70470000F8B500BFAA
:1008D000F8BC08BC9E467047F8B500BFF8BC08BC21
:1008E0009E467047770A01087A0A01087D0A0108C6
:1008F000A0860100400D0300801A060000350C00A0
:1009000040420F0080841E0000093D0000127A0062
:100910000024F40000366E010048E801006CDC029F
:1009200000000000010203040000000000000000BD
:1009300001020304060708095245454E54206D6123
:100940006C6C6F6320737563636565646564002F09
:100950006275696C642F676E752D746F6F6C732D83
:10096000666F722D73746D33325F31332E332E7296
:10097000656C312E32303234303932362D313731E8
:10098000352F7372632F6E65776C69622F6E657792
:100990006C69622F6C6962632F74696D652F6C637B
:1009A0006C74696D652E6300545A00474D540025E0
:1009B00031315B2D2B302D39412D5A612D7A5D253A
:1009C0006E002531315B412D5A612D7A5D256E0017
:1009D0004D256875256E2E256875256E2E25687542
:1009E000256E002F256875256E3A256875256E3AA7
:1009F000256875256E002C2066756E6374696F6EB0
:100A00003A2000617373657274696F6E20222573DA
:100A100022206661696C65643A2066696C652022F3
:100A20002573222C206C696E65202564257325733F
:100A30000A00303132333435363738394142434495
:100A400045460030313233343536373839616263E8
:100A500064656600686C4C00232D302B20006566B1
:100A60006745464700412D46612D663839303132A1
:100A700033343536375D002B2D0030300078580088
:100A80001F0000001C0000001F0000001E000000EE
:100A90001F0000001E0000001F0000001F000000DB
:100AA0001E0000001F0000001E0000001F000000CC
:100AB0001F0000001D0000001F0000001E000000BD
:100AC0001F0000001E0000001F0000001F000000AB
:100AD0001E0000001F0000001E0000001F0000009C
:100AE00000202020202020202020282828282820FE
:100AF00020202020202020202020202020202020F6
:100B0000208810101010101010101010101010105D
:100B1000100404040404040404040410101010104D
:100B20001010414141414141010101010101010117
:100B30000101010101010101010101011010101069
:100B400010104242424242420202020202020202E9
:100B5000020202020202020202020202101010103D
:100B60002000000000000000000000000000000065
:100B70000000000000000000000000000000000075
:100B80000000000000000000000000000000000065
:100B90000000000000000000000000000000000055
:100BA0000000000000000000000000000000000045
:100BB0000000000000000000000000000000000035
:100BC0000000000000000000000000000000000025
:100BD0000000000000000000000000000000000015
:100BE00000000000EC37FF7F01000000B543000863
:100BF0009143000828FF2A19B215042728FFC56D64
:100C0000B21503B728FFD303B215016E28FF517444
:100C1000B21503B428FF0094B21503A528FFE4021F
:100C2000B215013428FF742FB215016E28FF5A9AAD
:100C3000B215012428FFB582B215030928FF621DF1
:100C4000B21501C128C30456B5013C462876AE56FC
:100C5000B5013C2428B51B56B5013C7F280D8856AC
:100C6000B5013C2028BEDA56B5013C682833CB5686
:100C7000B5013C7928C21B56B5013C6228F4A25646
:100C8000B5013C8128B22556B5013CDC2815F85643
:100C9000B5013CB728FF6576E0013C3428AC2076EE
:100CA000E0013C7828576576E0013CC92858737606
:100CB000E0013C0D28450676E0013CA328CA4376B6
:100CC000E0013C562859CB463A1901A92859B1569A
:100CD000B5013CA528F4554D3A19013E2848D8BB2A
:100CE0001E190111283C36673A190134285F7456E1
:100CF000B5013CE728513756B5013C5328624556AB
:100D0000B5013C0928E4277B3A1901CA281E36029E
:100D10003A1901FD284CA37E0C00006D2860997ED5
:100D20000C00009F284DA37E0C00005A2856997E87
:100D30000C0000C02852997E0C00001CDC1700201B
:100D400000093D000100000010000000000000004C
:100D500003000000F0170020AB090108AB090108EF
:100D60007001002000000000F0170020581800203B
:100D7000C01800200000000000000000000000007B
:100D80000000000000000000000000000000000063
:100D90000000000000000000000000000000000053
:100DA0000000000000000000000000000000000043
:100DB0000000000001000000000000004A000000E8
:100DC0000000000000000000000000000000000023
:100DD0000000000000000000000000000000000013
:100DE000000000004A0000000000000000000000B9
:100DF00000000000000000000000000000000000F3
:0C0E0000000000000000000000000000E6
:00000001FF
