:020000040800F2
:104000003A8A8C5703010000640000005E408A6910
:104010003030312E30300000000000000000000081
:10402000544543484D00000000000000000000001F
:104030000000000000400008730D01080042000865
:1040400000420008730D0108FFFFFFFF00000000A1
:104050000000000000000000000000000000000060
:104060000000000000000000000000000000000050
:104070000000000000000000000000000000000040
:104080000000000000000000000000000000000030
:104090000000000000000000000000000000000020
:1040A0000000000000000000000000000000000010
:1040B0000000000000000000000000000000000000
:1040C00000000000000000000000000000000000F0
:1040D00000000000000000000000000000000000E0
:1040E00000000000000000000000000000000000D0
:1040F00000000000000000000000000000000000C0
:1041000000000000000000000000000000000000AF
:10411000000000000000000000000000000000009F
:10412000000000000000000000000000000000008F
:10413000000000000000000000000000000000007F
:10414000000000000000000000000000000000006F
:10415000000000000000000000000000000000005F
:10416000000000000000000000000000000000004F
:10417000000000000000000000000000000000003F
:10418000000000000000000000000000000000002F
:10419000000000000000000000000000000000001F
:1041A000000000000000000000000000000000000F
:1041B00000000000000000000000000000000000FF
:1041C00000000000000000000000000000000000EF
:1041D00000000000000000000000000000000000DF
:1041E00000000000000000000000000000000000CF
:1041F00000000000000000000000000000000000BF
:1042000000000120DD9D0008199C00081B9C00088F
:104210001D9C00081F9C0008219C00080000000055
:10422000000000000000000000000000239C0008C7
:10423000259C000800000000279C0008299C00081D
:104240002D9E00082D9E00082D9E00082D9E000822
:104250002D9E00082D9E00082D9E0008359C00080C
:104260003F9C00082D9E00082D9E0008499C0008D8
:104270002D9E00082D9E0008599C0008699C00088E
:104280002D9E00082D9E0008799C0008899C00083E
:10429000999C0008A99C00082D9E00082D9E0008EE
:1042A0002D9E00082D9E00082D9E00082D9E0008C2
:1042B0002D9E000800000000000000002D9E000858
:1042C0002D9E00082D9E00082D9E00082D9E0008A2
:1042D0002D9E0008B99C00082D9E00082D9E000808
:1042E0002D9E00082D9E0008000000000000000028
:1042F00000000000000000000000000000000000BE
:10430000000000002D9E0008000000002D9E000807
:104310000000000000000000C99C00082D9E00085D
:104320002D9E00082D9E00082D9E00082D9E000841
:104330002D9E0008000000000000000000000000AA
:104340002D9E00082D9E00082D9E000800000000F4
:104350002D9E00082D9E00082D9E00082D9E000811
:104360002D9E00082D9E00082D9E000800000000D4
:104370002D9E00082D9E0008000000000000000097
:104380002D9E00082D9E00082D9E000800000000B4
:1043900010B5054C237833B9044B13B10448AFF37F
:1043A00000800123237010BD1802002000000000CF
:1043B0003408010808B5034B1BB103490348AFF3A8
:1043C000008008BD000000001C0200203408010825
:1043D00010F8012B11F8013B012A28BF9A42F7D0AF
:1043E000D01A7047034613F8012B002AFBD1181A84
:1043F00001387047000000000000000000000000CD
:1044000001F0FF01102A2BDB10F0070F08D010F885
:10441000013B013A8B422DD010F0070F42B3F6D189
:10442000F0B441EA012141EA014122F007047FF0A2
:1044300000070023F0E80256083C85EA010586EAF9
:10444000010685FA47F5A3FA87F586FA47F6A5FA35
:1044500087F68EB9EED1F0BC01F0FF0102F0070241
:1044600032B110F8013B013A83EA010313B1F8D1EC
:104470000020704701387047002D06BF35460338CD
:10448000073815F0010F07D1013015F4807F02BF06
:10449000013015F4C03F0130F0BC0138704700BF57
:1044A00081F0004102E000BF83F0004330B54FEAE5
:1044B00041044FEA430594EA050F08BF90EA020F52
:1044C0001FBF54EA000C55EA020C7FEA645C7FEAE5
:1044D000655C00F0E2804FEA5454D4EB5555B8BF08
:1044E0006D420CDD2C4480EA020281EA030382EA79
:1044F000000083EA010180EA020281EA0303362D0B
:1045000088BF30BD11F0004F4FEA01314FF4801CDD
:104510004CEA113102D0404261EB410113F0004FEF
:104520004FEA03334CEA133302D0524263EB4303A6
:1045300094EA050F00F0A780A4F10104D5F1200E44
:104540000DDB02FA0EFC22FA05F2801841F100019F
:1045500003FA0EF2801843FA05F359410EE0A5F173
:1045600020050EF1200E012A03FA0EFC28BF4CF0A4
:10457000020C43FA05F3C01851EBE37101F000455A
:1045800007D54FF0000EDCF1000C7EEB00006EEB67
:104590000101B1F5801F1BD3B1F5001F0CD34908F1
:1045A0005FEA30004FEA3C0C04F101044FEA445248
:1045B00012F5800F80F09A80BCF1004F08BF5FEACF
:1045C000500C50F1000041EB045141EA050130BDAF
:1045D0005FEA4C0C404141EB0101013C28BFB1F5C1
:1045E000801FE9D291F0000F04BF01460020B1FA0C
:1045F00081F308BF2033A3F10B03B3F120020CDADF
:104600000C3208DD02F1140CC2F10C0201FA0CF0BC
:1046100021FA02F10CE002F11402D8BFC2F1200C21
:1046200001FA02F120FA0CFCDCBF41EA0C019040D7
:10463000E41AA2BF01EB0451294330BD6FEA040420
:104640001F3C1CDA0C340EDC04F11404C4F120020B
:1046500020FA04F001FA02F340EA030021FA04F31D
:1046600045EA030130BDC4F10C04C4F1200220FA74
:1046700002F001FA04F340EA0300294630BD21FAB2
:1046800004F0294630BD94F0000F83F4801306BF78
:1046900081F480110134013D4EE77FEA645C18BF6C
:1046A0007FEA655C29D094EA050F08BF90EA020F03
:1046B00005D054EA000C04BF1946104630BD91EAFB
:1046C000030F1EBF0021002030BD5FEA545C05D1FE
:1046D0004000494128BF41F0004130BD14F580043D
:1046E0003CBF01F5801130BD01F0004545F0FE41B1
:1046F00041F470014FF0000030BD7FEA645C1ABFE6
:10470000194610467FEA655C1CBF0B46024650EA1C
:10471000013406BF52EA033591EA030F41F4002148
:1047200030BD00BF90F0000F04BF0021704730B5CE
:104730004FF4806404F132044FF000054FF00001A3
:1047400050E700BF90F0000F04BF0021704730B564
:104750004FF4806404F1320410F0004548BF404239
:104760004FF000013EE700BF42004FEAE2014FEA8E
:1047700031014FEA02701FBF12F07F4393F07F4F69
:1047800081F06051704732F07F4208BF704793F06C
:104790007F4F04BF41F40021704730B54FF460747F
:1047A00001F0004521F000411CE700BF50EA010282
:1047B00008BF704730B54FF000050AE050EA01022B
:1047C00008BF704730B511F0004502D5404261EB9B
:1047D00041014FF4806404F132045FEA915C3FF4DC
:1047E000D8AE4FF003025FEADC0C18BF03325FEA79
:1047F000DC0C18BF033202EBDC02C2F1200300FA2A
:1048000003FC20FA02F001FA03FE40EA0E0021FA4E
:1048100002F11444BDE600BF70B54FF0FF0C4CF43C
:10482000E06C1CEA11541DBF1CEA135594EA0C0FEE
:1048300095EA0C0F00F0DEF82C4481EA030621EA29
:104840004C5123EA4C5350EA013518BF52EA033564
:1048500041F4801143F4801338D0A0FB02CE4FF016
:104860000005E1FB02E506F00042E0FB03E54FF046
:104870000006E1FB03569CF0000F18BF4EF0010E3E
:10488000A4F1FF04B6F5007F64F5407404D25FEA3A
:104890004E0E6D4146EB060642EAC62141EA5551ED
:1048A0004FEAC52040EA5E504FEACE2EB4F1FD0C2F
:1048B00088BFBCF5E06F1ED8BEF1004F08BF5FEAAD
:1048C000500E50F1000041EB045170BD06F000465F
:1048D00046EA010140EA020081EA0301B4EB5C040C
:1048E000C2BFD4EB0C0541EA045170BD41F4801104
:1048F0004FF0000E013C00F3AB8014F1360FDEBF29
:10490000002001F0004170BDC4F10004203C35DA04
:104910000C341BDC04F11404C4F1200500FA05F387
:1049200020FA04F001FA05F240EA020001F0004228
:1049300021F0004110EBD37021FA04F642EB06019E
:104940005EEA430E08BF20EAD37070BDC4F10C04C8
:10495000C4F1200500FA04F320FA05F001FA04F28C
:1049600040EA020001F0004110EBD37041F1000178
:104970005EEA430E08BF20EAD37070BDC4F1200583
:1049800000FA05F24EEA020E20FA04F301FA05F2EB
:1049900043EA020321FA04F001F0004121FA04F293
:1049A00020EA020000EBD3705EEA430E08BF20EA63
:1049B000D37070BD94F0000F0FD101F0004640009D
:1049C00041EB010111F4801F08BF013CF7D041EA1F
:1049D000060195F0000F18BF704703F00046520023
:1049E00043EB030313F4801F08BF013DF7D043EAF4
:1049F0000603704794EA0C0F0CEA135518BF95EAAA
:104A00000C0F0CD050EA410618BF52EA4306D1D130
:104A100081EA030101F000414FF0000070BD50EA4F
:104A2000410606BF1046194652EA430619D094EAD9
:104A30000C0F02D150EA013613D195EA0C0F05D1C3
:104A400052EA03361CBF104619460AD181EA030117
:104A500001F0004141F0FE4141F470014FF00000CF
:104A600070BD41F0FE4141F4780170BD70B54FF06A
:104A7000FF0C4CF4E06C1CEA11541DBF1CEA1355EA
:104A800094EA0C0F95EA0C0F00F0A7F8A4EB0504CC
:104A900081EA030E52EA03354FEA013100F08880C3
:104AA0004FEA03334FF0805545EA131343EA12638C
:104AB0004FEA022245EA111545EA10654FEA002641
:104AC0000EF000419D4208BF964244F1FD0404F5FA
:104AD000407402D25B084FEA3202B61A65EB030556
:104AE0005B084FEA32024FF480104FF4002CB6EB13
:104AF000020E75EB030E22BFB61A754640EA0C0093
:104B00005B084FEA3202B6EB020E75EB030E22BFD2
:104B1000B61A754640EA5C005B084FEA3202B6EB13
:104B2000020E75EB030E22BFB61A754640EA9C00D2
:104B30005B084FEA3202B6EB020E75EB030E22BFA2
:104B4000B61A754640EADC0055EA060E18D04FEA60
:104B5000051545EA16754FEA06164FEAC30343EA00
:104B600052734FEAC2025FEA1C1CC0D111F4801FCD
:104B70000BD141EA00014FF000004FF0004CB6E7C6
:104B800011F4801F04BF01430020B4F1FD0C88BF65
:104B9000BCF5E06F3FF6AFAEB5EB030C04BFB6EB70
:104BA000020C5FEA500C50F1000041EB045170BD63
:104BB0000EF0004E4EEA113114EB5C04C2BFD4EB90
:104BC0000C0541EA045170BD41F480114FF0000E14
:104BD000013C90E645EA060E8DE60CEA135594EA90
:104BE0000C0F08BF95EA0C0F3FF43BAF94EA0C0F93
:104BF0000AD150EA01347FF434AF95EA0C0F7FF408
:104C000025AF104619462CE795EA0C0F06D152EA5B
:104C100003353FF4FDAE1046194622E750EA41063F
:104C200018BF52EA43067FF4C5AE50EA41047FF450
:104C30000DAF52EA43057FF4EBAE12E74FEA4102B3
:104C400012F5001215D211D56FF47873B3EB6252DE
:104C500012D94FEAC12343F0004343EA505311F005
:104C6000004F23FA02F018BF404270474FF0000097
:104C7000704750EA013005D111F0004008BF6FF0D5
:104C8000004070474FF00000704700BF4A0011D24B
:104C900012F5001211D20DD56FF47873B3EB625296
:104CA0000ED44FEAC12343F0004343EA505323FAA2
:104CB00002F070474FF00000704750EA013002D117
:104CC0004FF0FF3070474FF0000070474FEA41024D
:104CD000B2F1E04324BFB3F5001CDCF1FE5C0DD95A
:104CE00001F0004C4FEAC0024CEA5070B2F1004FA4
:104CF00040EB830008BF20F00100704711F0804FA7
:104D000021D113F13872BCBF01F00040704741F46B
:104D100080114FEA5252C2F11802C2F1200C10FA6F
:104D20000CF320FA02F018BF40F001004FEAC12353
:104D30004FEAD32303FA0CFC40EA0C0023FA02F3F7
:104D40004FEA4303CCE77FEA625307D150EA0133CD
:104D50001EBF4FF0FE4040F44000704701F000409D
:104D600040F0FE4040F40000704700BF7BB972B9CC
:104D70000029BEBF00204FF0004106E008BF002818
:104D80001CBF6FF000414FF0FF3000F0D3B9ADF120
:104D9000080C6DE904CE002909DB002B1ADB00F0BA
:104DA0004DF8DDF804E0DDE9022304B0704740422D
:104DB00061EB4101002B1BDB00F040F8DDF804E063
:104DC000DDE9022304B0404261EB4101524263EB52
:104DD00043037047524263EB430300F02FF8DDF8C2
:104DE00004E0DDE9022304B0404261EB4101704779
:104DF000524263EB430300F021F8DDF804E0DDE903
:104E0000022304B0524263EB4303704753B94AB9DB
:104E1000002908BF00281CBF4FF0FF314FF0FF30C2
:104E200000F088B9ADF1080C6DE904CE00F006F889
:104E3000DDF804E0DDE9022304B070472DE9F04716
:104E4000089D8E4604468846002B4AD18A42174662
:104E500062D9B2FA82F64EB1C6F1200301FA06F821
:104E600020FA03F3B74043EA0808B4404FEA174E6C
:104E70001FFA87FCB8FBFEF1230C0EFB118843EAF6
:104E8000084301FB0CF29A4209D9FB1801F1FF30EB
:104E900080F0EA809A4240F2E78002393B449A1A55
:104EA000A3B2B2FBFEF00EFB102243EA024300FB6A
:104EB0000CFC9C4509D9FB1800F1FF3280F0D6802C
:104EC0009C4540F2D3803B44023840EA0140A3EBCA
:104ED0000C0300211DB1F3400022C5E90032BDE8FA
:104EE000F0878B4205D90DB1C5E9000100210846C4
:104EF000F5E7B3FA83F1002946D1734502D3824224
:104F000000F20581841A6EEB030201209046002D09
:104F1000E5D0C5E90048E2E7002A00F09080B2FA47
:104F200082F6002E40F0A4808A1A030C4FEA174E36
:104F300080B2BCB20121B2FBFEFC0EFB1C2243EA94
:104F4000024304FB0CF29A4207D9FB180CF1FF381C
:104F500002D29A4200F2E080C4469B1AB3FBFEF2F2
:104F60000EFB123340EA034302FB04F49C4207D9D0
:104F7000FB1802F1FF3002D29C4200F2CA800246C6
:104F80001B1B42EA0C40A5E7C1F120068B4022FA28
:104F900006F71F430EFA01F420FA06F32EFA06FE76
:104FA0004FEA1749234300FA01F81FFA87FCBEFBBA
:104FB000F9F01C0C09FB10EE44EA0E4400FB0CFE59
:104FC000A64502FA01F209D93C1900F1FF3A80F036
:104FD0009C80A64540F2998002383C44A4EB0E0424
:104FE0001FFA83FEB4FBF9F309FB13444EEA0444B1
:104FF00003FB0CFCA44508D93C1903F1FF3E80F0EB
:105000008280A4457FD9023B3C4443EA0040A4EBA4
:105010000C04A0FB02EC64457346E14662D35FD00A
:105020005DB1B8EB030264EB090404FA06F622FA58
:1050300001F31E43CC40C5E9006400214FE7B1FBFA
:10504000F2FC010C41EA0E4180B240EA01423B46CB
:1050500038463C46B846BE462026B1FBF7F1A2EBE7
:10506000080241EA0C4166E7014618E710462CE7C2
:10507000C6F120022EFA02F3B740B14020FA02F244
:105080004FEA174E0A43B3FBFEF8BCB20EFB1833CF
:10509000110C41EA034108FB04F9B04089454FEA8D
:1050A000104380B23ED9791808F1FF3C01D28945FE
:1050B0001FD8A1EB0901B1FBFEF909FB04F80EFBB7
:1050C000191192B242EA0142424529D2BA1809F1B5
:1050D000FF31C4D24245C2D2A9F102013A44BEE72F
:1050E000F0459DD2BEEB02036CEB070C0138E146A4
:1050F00096E7A7EB09094944A8F1020CB1FBFEF9B8
:1051000009FB04F8DBE773467FE7504666E708468D
:10511000FDE63B44023A33E7ACF1020C3B441CE7AA
:1051200049469CE7A1EB0901C446B1FBFEF909FB26
:1051300004F8C4E7704700BF10B5084B1860084B6F
:105140001960084C22707F2105F043FD2078400053
:1051500009F048F8044B186010BD00BF4002002061
:105160003C020020380200203402002008B5054B24
:10517000196829B1044B1A78044B186805F03EFCF5
:1051800008BD00BF34020020380200204002002089
:10519000064B1B78834205D9054B1B6823B133F8B6
:1051A0001000704700207047002070473802002030
:1051B0003402002008B5024B186805F0C9FC08BD90
:1051C0004002002030B585B004460025ADF80E50F1
:1051D0000DF10E0101F072FCBDF80E30013B18BF5D
:1051E0000123220A8DF804208DF8054002128DF863
:1051F00006208DF807008DF808508DF809308DF8DD
:105200000A508DF80B50054B1878082201A900F5BB
:10521000887000F067FB05B030BD00BF440200207D
:10522000014B1870704700BF44020020014B1878F2
:10523000704700BF4402002010B5044600F0BCFADD
:1052400000EBC4008379052B01D0002010BD0120A4
:10525000FCE738B50024254601E0013424B2072CD0
:1052600009DCE0B2FFF7E8FF0128F6D10123A340F3
:105270001D432DB2F1E7284638BD08B500F024FBE8
:1052800008BD000070B5002308E003EB4302910065
:10529000184A0A44D1880A31D1800133632BF4DDE6
:1052A000002400E00134632C22DC04EB4402930070
:1052B000104AD35C012BF5D104EB44039A000D4B4B
:1052C00013449B88002BEDD004EB44029100094A63
:1052D0000A44D2889342E5D8064D66000B462B441B
:1052E0005888FFF76FFF33199A0015440023EB80AD
:1052F00070BD00BF4802002008B5034B1B7818445E
:1053000080B200F0EFFA08BD4402002010B50C4650
:10531000002308E01E4901EB8C029480012201F871
:105320002C2010BD0133632B17DC03EB430C184A10
:1053300002EB8C0252888242F4D1002CEAD114494B
:1053400003EB43024FEA820E01EB82024FF0000CA6
:10535000A2F804C001F80EC0E4E7002300E0013326
:10536000632BDEDC03EB4302094911F82220002AFB
:10537000F5D1002CF3D003EB430201EB8202508005
:10538000948003EB4303012201F82320C9E700BF07
:105390004802002000B583B0030A8DF800308DF874
:1053A00001000B0A8DF802308DF80310130A8DF8F6
:1053B00004308DF8052000238DF805308DF8073076
:1053C000082269464FF49870FFF796FF03B05DF826
:1053D00004FB00B583B003128DF800308DF8010096
:1053E0000B0A8DF802308DF8031000238DF804307D
:1053F0008DF805308DF80730082269464FF4A0700B
:10540000FFF77AFF03B05DF804FB000000B583B03E
:105410000A4B1B788DF800308DF8010029B10A681D
:10542000CDF802208B88ADF80630082269464FF48B
:10543000C460FFF761FF03B05DF804FB4402002085
:1054400000B583B04FF0303300930193084B1B78C5
:105450008DF800308DF80100CDF802100822694661
:105460004FF4AC60FFF748FF03B05DF804FB00BFEA
:105470004402002000B583B002466B4600685168C4
:1054800003C3064B18788DF800000822694600F522
:10549000C260FFF731FF03B05DF804FB4402002057
:1054A000F8B5394B1E78002E69D10022DA70012937
:1054B0003AD0354B1B78002B63D0F8BD0133DBB2FB
:1054C0007446324A52F82E2092F806C09C4521D9E3
:1054D00002EB030C9CF807C08445EFD12A4D01274D
:1054E0002F70687095F803C0BC4485F803C09773AB
:1054F000264A52F8245000272F8252F82450A874CC
:1055000052F82450E97452F824201479012CD5D192
:10551000D473D3E70EF1010E5FFA8EFE1C4B1B789D
:105520007345C6D93346CBE7B646F7E70132D2B268
:10553000164C54F82540A67996420CD9A618F6794F
:105540008642F3D1E67B0136E673104C54F82540D1
:1055500000262682EAE70133DBB20D4A12789A422E
:10556000A7D91D46094A52F82320947B012CF2D179
:105570001279012AEFD10129EDD10022D8E70023C9
:10558000EBE701F0DBFD98E7FC06002004070020B4
:10559000F806002038B504460588142008F022FEDD
:1055A000094B43F82500228853F822305BB120686C
:1055B0006168A268186059609A60A2899A81034A5A
:1055C00013780133137038BD04070020F80600205B
:1055D000F8B5002427E00135EDB23E4B53F82630F4
:1055E0009A79AA4210D92B44D87903F0CDFC00282F
:1055F000F1D10746EFE7D97B5A79914229D11A8A2E
:105600009B899A4201D224E01FB3324D55F82630CF
:10561000987801F0B3FD55F82620002393732E4AA5
:1056200013700134E4B22D4B1B78A34226D92646D1
:10563000284B53F824309F7B012FF2D11A8A0A326B
:105640001A82244B53F824301D79002DC5D0012D2A
:10565000D1D0204B53F82630198A9A899142E0D351
:1056600000229A731B4B53F826301A821A4BDB78B0
:10567000002BD6D0013B184AD370D2E7164B1B78CB
:10568000012B04D0144B1B78022B0ED0F8BD124B0B
:10569000DB78002BF6D1104C0121607801F04EFD33
:1056A000022323700023A380ECE70B4A93880A337C
:1056B0009BB29380632BE9D9507803F065FC18B155
:1056C000054B00221A70E1E70021034B587801F0E6
:1056D00035FDF5E704070020FC060020F806002051
:1056E00030B583B0174AD2F8943000240094019466
:1056F000D2F8941041F40001C2F8941003228DF8FE
:1057000000201B0E8DF802300F4D0521284607F0B2
:10571000CCFA8DF803000621284607F0C6FA01905E
:1057200022460521284607F0B4FA224606212846DB
:1057300007F0AFFA0DF102012046FFF767FE03B054
:1057400030BD00BF00100240CC150020BFF34F8FCA
:105750000549CA6802F4E062044B1343CB60BFF30F
:105760004F8F00BFFDE700BF00ED00E00400FA0529
:1057700084B008B50DF1080C8CE80F006146044BAD
:10578000586901F03BFABDE8084004B0704700BF1B
:105790009407002010B5064CA06805F094FB052284
:1057A000A2712178034B03EBC1039A7110BD00BFB6
:1057B0009407002054070020004870475407002039
:1057C00010B58EB006E02BB99DF831202E4B1B781A
:1057D0009A4217D005A92C4BD86801F0ECF9D8B93A
:1057E000059BA3F5E0620F2AEDD8DAB2072AEAD8C2
:1057F00011469DF83000254A02EBC102907100214C
:105800005180E0E79DF83030812B03D0822BE1D12D
:10581000FFF79CFFFFF79AFF002100E00131072905
:1058200017DC1A4A02EBC10253880A339BB2538039
:1058300092889342F2D9154B03EBC1039B79FF2B5E
:10584000ECD0124B03EBC10300225A80FF229A7165
:10585000E4E70D4A53880A339BB2538092889342FF
:1058600001D20EB010BD084C00236380A37984F8E8
:10587000303004F128030FCB8DE80F00183494E882
:105880000F00FFF775FFECE7940700205407002096
:1058900000B58BB002A90B4B586901F05BF910B150
:1058A0000BB05DF804FB01AB08AA02A905488068AB
:1058B00005F037FB0028F3D1024B586901F063F97A
:1058C000EEE700BF9407002008B50146044B1869B5
:1058D00001F071F908B1002008BD0120FCE700BF0C
:1058E0009407002010B58CB0089204900023059313
:1058F0000793069304AC0AA809F0C5FA0CAB13E9A8
:105900000F008DE80F0094E80F00FFF731FF0CB097
:1059100010BD000010B58AB0044608AB01AA0021F2
:1059200005F074FB054B9B68A34201D00AB010BD83
:1059300001A9024BD86801F061F9F7E7940700204C
:1059400010B58AB0044608AB01AA012105F05EFB40
:10595000054B9B68A34201D00AB010BD01A9024BC0
:10596000186901F04BF9F7E79407002010B4002400
:10597000234622460AE0520092B242F00102400061
:1059800080B2490089B201240133DBB20F2B0BD85E
:1059900080EA010C1CF4004FEDD1002CEBD140004B
:1059A00080B2490089B2EFE7D04380B2400180B2B3
:1059B0005DF8044B704730B58BB005461C46BDF80A
:1059C0003C000E230993059200230693079304914C
:1059D0004301009363010193BDF84010FFF7C6FF38
:1059E0000290BDF838102046FFF7C0FF0390012356
:1059F00008936946284605F0E3F90BB030BD000076
:105A000070B584B005460C46C821242001F07EF80C
:105A10002B4EF0605021242001F078F83061642191
:105A2000202001F073F87061B560347041F2883362
:105A3000B380002373800122B26204F5E062B26198
:105A4000F361736233620EE01E4A02EBC30C42F252
:105A50001071ACF804104FF0FF0E8CF806E002F85D
:105A600033300133DBB2072BEED9154EB279154B2B
:105A700003EBC4039A7100240294019440F20F7363
:105A800000934FF4E063012221462846FFF793FF7D
:105A90000294019440F2FF63009323460222012105
:105AA000B068FFF788FF48F61201B06805F053FBB5
:105AB000B3681A68136823F48033136004B070BDB0
:105AC000940700205407002010B40B4B00EB400259
:105AD00003EB820153F82240084A14604968084ADF
:105AE000116000EB400003EB80039A68054B1A60DD
:105AF0005DF8044B704700BFE4070020E00700207A
:105B0000DC070020D807002010B504464FF0000E37
:105B1000704614E04FEA5C0C0133DBB2072B0AD865
:105B200080EA0C0212F0010F4FEA5000F2D080F030
:105B30008C00C0B2EEE70EF1010E5FFA8EFE8E45CC
:105B400003D214F80EC00023E8E710BD002307E0DD
:105B500003EB43018A001649002088500133DBB271
:105B6000022BF5D9134BDA6842F00102DA60042205
:105B70009A621A6842F080021A600F4B4FF49652F4
:105B80001A804FF47A725A8040F6D8629A800B4B92
:105B90003C221A8040F28A225A8096229A80084B30
:105BA0000A221A806E225A804FF416729A80704729
:105BB000E4070020001000403C08002034080020CA
:105BC0002C080020022800D9704730B587B00D4658
:105BD00014460E4B00EB400203EB820143F82250C7
:105BE0008C6022044A600022A1B2284605F0E5FE3E
:105BF000019411230293002303930223049301A928
:105C0000284605F0EFFD07B030BD00BFE4070020D7
:105C1000054B00221A705A709A70DA701A715A7114
:105C20009A71DA71704700BF14080020F8B50C466D
:105C300000EB40052A4951F8251000294BD01646A3
:105C40001F46002B18BF002A47D0264B1D7825B1D0
:105C50000125254B1D702846F8BDFFF735FFFFF7DE
:105C6000D7FF224B1E60224B1F60224B55221A7019
:105C700022785A7062789A70A278DA70E2781A7193
:105C800022795A7162799A71A279DA71E2791A727B
:105C9000BE225A720023184A1370184A1370184A09
:105CA0001370184A1370184A0A211170174A0921F3
:105CB0001170174A1370174A13700122164B1A708D
:105CC000084B1A70154B1988154BD9621968114386
:105CD00019605A61BDE70225BBE70525B9E700BF9A
:105CE000E4070020080800204208002010080020D7
:105CF0000C0800202008002045080020470800204C
:105D000046080020430800204B0800204A080020D5
:105D10004908002048080020440800203C080020D2
:105D20000010004010B500EB40021C4B53F822302D
:105D3000002B30D01A4B1C7824B10124194B1C7055
:105D4000204610BDFFF7C0FEFFF762FF164BCC22C6
:105D50001A7044225A700023144A1370144A1370A4
:105D6000144A1370144A1370022214490A70144919
:105D70000B7014490B7014490B70144B1A700121ED
:105D8000074B1970124B1A88124BDA621A680A43D1
:105D90001A605961D2E70224D0E700BFE40700206F
:105DA00008080020420800202008002045080020A4
:105DB0004708002046080020430800204B08002028
:105DC0004A08002049080020480800204408002014
:105DD0003C080020001000401F4B1B7813B91F4BDC
:105DE00003221A701E4B1B78E3B1012B20D170B532
:105DF0001C4B1D6895B11C480378427843EA022386
:105E00001CB2067A0821FFF77FFE864214D0174B9A
:105E10001B6800221A70134B00221A60144B0022D8
:105E20001A7070BD134B104A92E8030083E8030018
:105E30000F4B00221A70704704EB84035B001A4674
:105E4000002B06DB12112A80084B1B6801221A70F6
:105E5000E1E703F10F02F5E74308002042080020C4
:105E60004408002010080020140800200C0800201E
:105E700008080020D007002010B5904B00221A61BE
:105E80008F4B1B78012B20D0022B00F08280002B3F
:105E900040F0AE808B4B1B78012B00F0E080022B92
:105EA00000F0E38023B9884A126888490968916143
:105EB0000133DBB2834A1370022B00F2E580844A7F
:105EC00032F813207D4BDA6292E0824B1B78012B73
:105ED00013D0022B27D023B97B4A12687B4909686B
:105EE00091610133DBB27B4A1370022B21D87A4ACD
:105EF00032F81320714BDA627AE0784A12787849E6
:105F00008A5C784909780A4112F0010F05D06E4A7F
:105F10001268754909689161E3E76B4A12686B4939
:105F200009689161DDE7684A12686F490968916103
:105F3000D7E7684B00221A70674B1A885F4BDA620A
:105F4000684A13780133DBB21370072B50D913461C
:105F500000221A70614A13780133DBB21370634A6E
:105F60001278934244D35D4B00221A70604B1B7829
:105F70003BB1534B02221A705E4B1A884F4BDA62C8
:105F800036E04E4A136823F001031360FFF724FF45
:105F90002EE0504B1B78012B2BD0022B2FD023B996
:105FA000494A12684949096891610133DBB2494A9B
:105FB0001370022B15D9134600221A70494A137820
:105FC0000133DBB21370072B0BD9134600221A7072
:105FD000424A13780133DBB21370454A1278934278
:105FE00030D23C4B1A78434B33F81220334BDA62F1
:105FF00010BD354A12683C4909689161D5E7324ABB
:1060000012681169384A126811420CD0334A10786C
:10601000394C225C334991F800C0012101FA0CF19E
:106020000A432254C1E72D4A1078334C215C2D4A93
:1060300092F800C0012202FA0CF2D24352B20A4096
:106040002254B2E71D4A136823F001031360FFF7DF
:10605000C3FE0023214A1370284A1370C1E71A4A6D
:10606000126821490968916122E7174A126811698B
:106070001D4A1268114203D0214A0021117017E70E
:106080001F4A0121117013E700230E4A1370114AB1
:1060900013701B4B1B783BB1094B01221A700E4B3E
:1060A0001A88064BDA62A3E7044A136823F0010357
:1060B0001360124B00221A709AE700BF00100040D4
:1060C0004508002047080020E0070020DC070020EA
:1060D0003C08002046080020340800204808002022
:1060E0002008002049080020D80700204B08002085
:1060F0004A0800202C08002014080020080800206E
:10610000430800200023C3617047D0ED027A70EE8F
:10611000677A038807EE103AB8EEC77AC7EE876A47
:1061200080ED020A80ED010A90ED036A20EE466AD6
:1061300080ED066AD0ED077AD0ED045A65EE805AFC
:1061400027EE257A77EEC77AC0ED077A90ED057ACB
:1061500026EEC77A80ED087A76EE277A77EE277AF0
:10616000C0ED097AD0ED0C6AF4EEE67AF1EE10FAA1
:106170000ADDC0ED0A6A76EEC66A76EEC76AC0ED41
:10618000076A90ED0A0A7047D0ED0B6AF4EEE67AE2
:10619000F1EE10FA08D5C0ED0A6A76EEC66A76EE20
:1061A000C76AC0ED076AECE7C0ED0A7AE9E70000CC
:1061B00030B589B00446184D00226946284606F0DD
:1061C00024FD002205A9284606F045FD9DF817305C
:1061D00003F5FA63ADF81E309DF815308DF81C30CC
:1061E0009DF816308DF81B309DF800308DF8183072
:1061F0009DF801308DF819309DF802308DF81A3075
:106200009DF814308DF81D3006AB03CB2060616023
:10621000204609B030BD00BFCC15002010B588B0B5
:106220006B4683E80300BDF8063030338DF81F302D
:106230009DF804308DF81D309DF803308DF81E3028
:106240009DF805308DF81C30114C002207A920461E
:1062500006F080FC9DF800308DF808309DF8013084
:106260008DF809309DF802308DF80A3000228DF843
:106270000B200592069202A9204606F005FC43F287
:10628000F2220121204606F004FD08B010BD00BF37
:10629000CC15002000B585B002900023039302A81E
:1062A00008F06EF903688DF8023043688DF801300C
:1062B00083688DF80030C3688DF8033003690133BB
:1062C0008DF80430436903F26C73ADF806306B4609
:1062D00093E80300FFF7A2FF05B05DF804FB0000A0
:1062E0000023054A1380054A1370054A1370054AB6
:1062F0001370054A13707047500800204E080020A4
:106300004D080020400A00204C08002010B53A4BF0
:106310001B88002B53D0394B1B78374A1088834297
:106320004FD8354B1B88142B4FD8334A1388013371
:106330001380334B1A78334B1B789A4204D30023D3
:106340002F4A13702C4A138010BD04EB44039A00AB
:106350002D4B1344DB7A052B27D80134294B1B78AE
:10636000A342D8DD04EB44039A00274B1344DA7AA6
:106370000132DA72B3F9041001F596739BB240F260
:106380000E629342E1D804EB44039A001E4B13447F
:106390009B79012BD9D11C4B13440022DA7259800E
:1063A0000122188900F0A6FBCFE7174B1344002207
:1063B000DA72B3F90210188900F09CFBCDE70024D3
:1063C000CCE7C0B2FFF7AEFCABE70D4C23780E482C
:1063D00003EB43029100421810F801E01046931DB0
:1063E00004320A4901EBCE01807AFFF71FFC2378C3
:1063F0000133237099E700BF500800204C080020AB
:106400004E080020400A0020540800200000002010
:1064100008B5074B1B78022B01D9012008BDFFF7F7
:10642000D1FB034A1378013313700020F6E700BF55
:106430004C0800200F4B1B78282B18D810B50E4C99
:1064400003EB430E04EB8E0C04F82E004FF40040D7
:10645000ACF8020000208CF80600ACF808108CF8AC
:106460000A208CF80B000133024A137010BD012082
:10647000704700BF400A0020540800200023092B69
:1064800005DC094A32F833200AB10133F7E7092B5A
:1064900008DC054A4FF0010C22F833C002EBC303BD
:1064A00058805960704700BF4C0A00200023092B18
:1064B00010DC094A02EBC3025288824201D0013348
:1064C000F5E7054A02EBC30040680170002122F89D
:1064D00033107047704700BF4C0A00200023092B7F
:1064E00010DC094A02EBC3025288824201D0013318
:1064F000F5E7054A02EBC30040680180002122F85D
:1065000033107047704700BF4C0A00200023092B4E
:1065100010DC094A02EBC3025288824201D00133E7
:10652000F5E7054A02EBC30040680160002122F84C
:1065300033107047704700BF4C0A002000B583B08D
:1065400000238DF8003038238DF80130ADF80200BB
:106550000B680193034B1B680BB16846984703B067
:106560005DF804FB440A002098B900B583B000220E
:106570008DF8002039228DF80120ADF80200652346
:106580000193044B1B680BB16846984703B05DF854
:1065900004FB7047440A0020034B00221A60034B9F
:1065A00001221A60704700BF440A0020480A0020F8
:1065B00008B54378313B082B47D8DFE803F00510D6
:1065C0001B26464646313C00214B1B680BB9002078
:1065D0003CE041684088FFF751FF002036E01C4B4B
:1065E0001B680BB9002031E001794088FFF75EFF9E
:1065F00000202BE0164B1B680BB9002026E0818899
:106600004088FFF76BFF002020E0114B1B680BB99F
:1066100000201BE041684088FFF778FF002015E06C
:106620000B4B1B680BB9002010E041684088FFF756
:1066300085FF00200AE0064B1B680BB9002005E02F
:106640004088FFF791FF002000E0012008BD00BF57
:10665000480A0020014B1860704700BF440A002020
:1066600010B504468378082B00F2DB80DFE813F0D6
:106670000900170025004A006F009100B400E600F1
:10668000D800037B2BB901220189406805F095F9F8
:10669000C7E000220189406805F08FF9C1E0037B63
:1066A0002BB900220189406805F087F9B9E0012281
:1066B0000189406805F081F9B3E00388322B13D8D3
:1066C000037B5BB900220189406805F076F92388D5
:1066D000632B40F2A68000232380A2E001220189DF
:1066E000406805F06AF9F2E7037B2BB901220189C2
:1066F000406805F062F9EAE700220189406805F088
:106700005CF9E4E703880A2B13D8037B5BB900220A
:106710000189406805F051F92388132B40F28180EC
:10672000002323807DE001220189406805F045F9BE
:10673000F2E7037B2BB901220189406805F03DF99E
:10674000EAE700220189406805F037F9E4E70388A9
:10675000052B0DD8037B2BB900220189406805F079
:106760002CF95EE001220189406805F026F958E025
:10677000037B43B901220189406805F01EF900231B
:10678000A37023804DE000220189406805F015F9CF
:10679000F5E70388B3F5967F0DD8037B2BB900226C
:1067A0000189406805F009F93BE001220189406850
:1067B00005F003F935E0037B43B901220189406804
:1067C00005F0FBF80023A37023802AE00022018952
:1067D000406805F0F2F8F5E70388042B12D8037B34
:1067E00053B900220189406805F0E7F82388632B3C
:1067F00017D90023238014E001220189406805F0A5
:10680000DCF8F3E7037B2BB901220189406805F02E
:10681000D4F8EBE700220189406805F0CEF8E5E7FF
:1068200039B923884FF6FF72934201D00133238098
:1068300010BD0189406805F0C5F8F2E70388092B0F
:1068400012D8037B53B900220189406805F0B5F8DE
:106850002388C72BE5D900232380E2E701220189A1
:10686000406805F0AAF8F3E7A3F10A0292B2272ADA
:106870000DD8037B2BB901220189406805F09DF8F2
:10688000E6E700220189406805F097F8E0E7A3F108
:10689000320292B2092A0DD8037B2BB9002201895A
:1068A000406805F08AF8D3E701220189406805F0C5
:1068B00084F8CDE7A3F13C0292B2272A0DD8037BDE
:1068C0002BB901220189406805F077F8C0E7002262
:1068D0000189406805F071F8BAE7A3F1640292B249
:1068E000312A0DD8037B2BB900220189406805F0BD
:1068F00064F8ADE701220189406805F05EF8A7E77A
:10690000963B9BB2312BA3D8037B2BB90122018983
:10691000406805F052F89BE700220189406805F0C5
:106920004CF895E710B584B0EC468CE80F00069C57
:106930009CE80F0084E80F0000212046FFF790FE3E
:1069400004B010BD30B587B0054600238DF80A307D
:10695000ADF808304368049303680393037A8DF815
:106960001430204B009302AC94E80F00FFF7DAFFDD
:106970002B690493EB6803932B7D8DF814301A4B2D
:10698000009394E80F00FFF7CDFFEB690493AB6928
:10699000039395F820308DF81430144B009394E84D
:1069A0000F00FFF7BFFFAB6A04936B6A039395F880
:1069B0002C308DF814300E4B009394E80F00FFF745
:1069C000B1FF6B6B04932B6B039395F838308DF804
:1069D0001430084B009394E80F00FFF7A3FF07B0B3
:1069E00030BD00BFDC0A0020CC0A0020BC0A002019
:1069F000AC0A00209C0A002008B500210948FFF7D6
:106A00002FFE00210848FFF72BFE00210748FFF763
:106A100027FE00210648FFF723FE00210548FFF767
:106A20001FFE08BDDC0A0020CC0A0020BC0A0020A2
:106A3000AC0A00209C0A0020044B9B78834203D0C0
:106A4000024B987000221A80704700BFCC0A0020C9
:106A5000044B9B78834203D0024B987000221A802B
:106A6000704700BFAC0A0020044B9B78834203D0E0
:106A7000024B987000221A80704700BFDC0A002089
:106A8000044B9B78834203D0024B987000221A80FB
:106A9000704700BF9C0A0020002208E0064B00213E
:106AA00003F8221003EB8203597059800132B2F5CA
:106AB000AF7FF3DB704700BFEC0A0020B0F5AF7F7B
:106AC0000ED20B4B13F8203023B919B10B8843F0C9
:106AD00001030B80064B03EB8003B3F90200704700
:106AE00019B10B8843F001030B800020704700BFF1
:106AF000EC0A0020B0F5AF7F05D2034B03F820204D
:106B000003EB800359807047EC0A002070B50546FE
:106B10000E46102007F066FB044605FB06F007F062
:106B200061FB2060E680002323816381237325714C
:106B3000204670BD60B1027B2AB9028943899A421E
:106B400004D0002000E00020C0B270470120FBE725
:106B50000120704770B5A0B10C46064672B6FFF72B
:106B6000E9FF054618B162B60125284670BD3368B5
:106B70007189327902FB0131204608F084F962B64E
:106B8000F3E70125F1E7A0B110B5044672B6FFF7AF
:106B9000D1FF58B963890133E28893FBF2F102FB1C
:106BA000113363810023237362B610BD62B60120E6
:106BB000FBE70120704770B5F0B10D46044672B690
:106BC000FFF7B8FF064618B162B60126304670BD21
:106BD00023686189227902FB0131284608F053F9C4
:106BE00063890133E28893FBF2F102FB1133638185
:106BF0000023237362B6E9E70126E7E718B310B56F
:106C0000044603680089227902FB003008F03BF952
:106C1000237B3BB163890133E28893FBF2F102FBF2
:106C20001133638123890133E28893FBF2F102FB84
:106C300011339BB223816289934214BF0023012345
:106C40002373002010BD01207047000008B50346E3
:106C500009498A6842F480528A60B0F5FA4F01D936
:106C60004FF4FA430548064A026006224260DB08F8
:106C7000836004F0BFFE08BD002004E0F015002092
:106C80000030004008B5024804F0E8FE08BD00BF2F
:106C9000F0150020F8B50446038803F47F63057FF0
:106CA000280200B294F81DC04CEA0000A67F310211
:106CB00009B294F81FE04EEA010194F82020120274
:106CC00012B294F821703A43B3F5A26F1DD00DD9DA
:106CD000B3F5AA6F27D0B3F5C06F15D12048FFF7E1
:106CE000B9FC04F11C00FFF763FC0DE0B3F5887FED
:106CF00006D0B3F5447F07D1C0B200F03FFE03E0F9
:106D0000D2B280B2FFF7F6FEF8BD4FEA0C4C4CEA67
:106D1000056C4CEA062C4EEA0C00FFF7BBFA00208B
:106D2000FFF796FEF0E7FEF781FA8542ECD1637F2C
:106D3000012B08D0022B0CD0002BE5D164210020C0
:106D4000FEF77EFBE0E7074B19680120FEF778FBB2
:106D5000DAE740F203110220FEF772FBD4E700BF2E
:106D600075540008681000202DE9F04F95B00025FB
:106D7000CB4B1D7002F05AFC02F0C8F8FEF7E6FE9D
:106D8000FFF7AEFAFFF788FEC64801F059FC032171
:106D9000C548FEF735FE0320FEF742FA00F0B8FDC5
:106DA0000722C249C248FEF7C7F900F063FC01F0B0
:106DB000A5FF40F6B830FFF749FF01F0F9F801F000
:106DC0003DFD00F0DDFAFFF7E7FB4FF400530693BB
:106DD000B84E059601248DF81C404FF400730993BA
:106DE000B54B08938DF828404FF480720C920B93AA
:106DF0008DF8344008230F93B04B0E938DF840402C
:106E00004FF48043129311968DF84C4005A8FFF77C
:106E100099FD0220FFF728FE2046FFF719FEADF886
:106E200004504FF00A0AADF806A08DF808408DF81E
:106E30000A404FF4FA78ADF8108002278DF80970F7
:106E40008DF80B5001A8FEF7A5FBADF804404FF0FC
:106E50000B09ADF806908DF808408DF80A40ADF8A2
:106E6000108003238DF809308DF80B5001A8FEF730
:106E700091FBADF804704FF00C0BADF806B08DF837
:106E800008408DF80A40ADF8108004238DF80930D1
:106E90008DF80B500DEB0300FEF77CFB8022314692
:106EA0002846FFF7B5FA402231462046FFF7B0FAF0
:106EB0002A4678212520FFF7BDFA2A4667211120AE
:106EC000FFF7B8FA2A4668211220FFF7B3FA2A46DC
:106ED00069211A20FFF7AEFA2A466A211B20FFF724
:106EE000A9FA2A466B215846FFF7A4FA2A466C21D4
:106EF0000D20FFF79FFA2A466D210E20FFF79AFA20
:106F00002A466E211F20FFF795FA224664211C2095
:106F1000FFF790FA224665211320FFF78BFA2246ED
:106F200066211020FFF786FA224672215046FFF7AD
:106F300081FA224673210F20FFF77CFA2246742142
:106F40004846FFF777FA224675210720FFF772FAC5
:106F500022466F212046FFF76DFA224670213846FF
:106F6000FFF768FA4FF47A717820FEF7CFF940F610
:106F7000B8315020FEF7CAF940F6B8315120FEF77B
:106F8000C5F940F6B8315220FEF7C0F940F6B831E5
:106F90005320FEF7BBF940F6B8315A20FEF7B6F998
:106FA00040F6B8315B20FEF7B1F940F6B8315C200D
:106FB000FEF7ACF940F6B8315D20FEF7A7F940F6D0
:106FC000B8316420FEF7A2F940F6B8316520FEF72B
:106FD0009DF940F6B8316620FEF798F940F6B831D1
:106FE0006720FEF793F940F6B8316820FEF78EF976
:106FF00040F6B8316920FEF789F940F6B8316A20C9
:10700000FEF784F940F6B8316B20FEF77FF940F6C1
:10701000B8316C20FEF77AF940F6B8316D20FEF7F2
:1070200075F940F6B8316E20FEF770F940F6B831C8
:107030006F20FEF76BF940F6B8317020FEF766F965
:1070400040F6B8317120FEF761F940F6B831722090
:10705000FEF75CF940F6B8317320FEF757F940F6B9
:10706000B8317420FEF752F940F6B8317520FEF7BA
:107070004DF940F6B8315620FEF748F940F6B831E0
:107080005520FEF743F940F6B8316220FEF73EF98D
:1070900040F6B8316320FEF739F915B0BDE8F08F3E
:1070A00065100020B01400200016002028160020D3
:1070B000701600200008004800040048001C00482A
:1070C00000B58BB0012000F077FB00F01BF900F059
:1070D000BBF9FEF75FFB01224FF402710B20FFF7B3
:1070E00009FDFEF7FDFA02F047FB01A8FEF7C5F81F
:1070F0000128F8D101A8FFF7CDFDF6E700B583B070
:107100006846FFF755F89DF803300A4A12789A420C
:1071100006D1094A13680133136003B05DF804FB1C
:10712000044A137001F06EFE00F036FC01F014F911
:10713000EFE700BF641000206810002008B510B110
:10714000012805D008BD0129FCD100F09FF9F9E71D
:10715000012904D000F050FF00F08AF9F2E700F0B6
:107160005FFF054B1B78012BECD10020024B187000
:107170000146FEF72EF9E5E76510002008B50B285B
:1071800006D00C2807D00A2801D100F08BF908BDE1
:1071900000F05AF9FBE70A4B1B7843B1012BF6D1FB
:1071A0000020074B18700146FEF713F9EFE7044B78
:1071B00001221A704FF416710220FEF70AF9E6E771
:1071C00065100020022802D0042800D0704708B5BE
:1071D00001F02EFE08BD000008B5C0F16400FDF707
:1071E000B1FA3BA3D3E90023FDF740FCFDF76EFDA8
:1071F00000EE100A09F0A4F9DFED2F7A60EE277A8D
:1072000017EE900AFDF7B0FA27A3D3E90023FDF7A4
:107210002DFCFDF75BFD07EE900A284B1860B0EEE1
:10722000087A77EEC77A264BC3ED007AF5EEC07A7E
:10723000F1EE10FA35D4224B93ED007ADFED217A8E
:10724000B4EEE77AF1EE10FA01DDC3ED007A1C4BE3
:107250001868FDF789FA16A3D3E90023FDF7DCFAD5
:1072600000224FF08043FDF721F9FDF72FFD07EED7
:10727000900A154B1860B2EE047A67EE877A17EE23
:10728000900AFDF771FA41EC100B09F093F951ECFB
:10729000100BFDF7D3FC00B20C4B188000F004FB80
:1072A00008BD00221A60C6E7182D4454FB2109408E
:1072B000176CC1166CC1B63F000034437810002033
:1072C000741000200000B442701000206E100020E6
:1072D00033333333336359407047000008B500201F
:1072E000FFF77AFF044B01221A700023034A138030
:1072F000034A138008BD00BF6C1000207E100020E0
:107300007C10002010B5012204210F4804F055FB29
:107310000E4C01224FF48051204604F04EFB002217
:107320004FF40061204604F048FB00224FF48061D6
:10733000204604F042FB01220821054804F03DFBF1
:10734000FFF7CCFF10BD00BF000C0048000800484C
:107350000004004810B550280AD9074B50221A8063
:10736000054C2088FFF738FF2288044B1A8010BD97
:10737000014B1880F4E700BF7C1000207E10002035
:10738000074B084A1A63084ADA6205221A804FF04E
:107390007F52DA60054A1A61054A5A61704700BF98
:1073A0008010002000000C42000030C10AD7233CAE
:1073B0000000504108B5042807D8DFE800F0030AB0
:1073C00015242E00194B00221A70194B00221A8026
:1073D00008BD0020174B1880FFF7BCFFFFF77EFFAA
:1073E000124B01221A70F0E71348FEF78BFE46207D
:1073F000104B1880FFF7AEFF104B114A1A600B4B71
:1074000002221A70E1E70F4B00221A800B4B0C4A44
:107410001A60064B03221A70D7E70920054B188023
:10742000FFF798FF014B04221A70CEE7C01000202E
:10743000BC100020BE10002080100020B4100020DE
:1074400000004843BA10002008B5074B01221A700B
:10745000064B1B883B2B03D81046FFF7ABFF08BD3C
:107460000320FFF7A7FFFAE7C1100020B8100020A3
:1074700008B5054B1B78033BDBB2012B00D908BDD7
:107480000220FFF797FFFAE7C010002008B5044B71
:107490001B78012B00D008BD0220FFF78BFFFAE715
:1074A000C010002008B500200A4B1870FFF782FFBB
:1074B000094B1B88312B05D85020074B1880FFF74C
:1074C00049FF08BD0020044B1880FFF743FFFFF77A
:1074D00005FFF6E7C1100020BE1000201B4B1B88E3
:1074E000042B03D80133194A1380704700B583B0C9
:1074F000164B01221A800DF106017120FFF7DEFA0A
:10750000FDF720F90022124BFDF7B0FAFDF7DEFB84
:1075100000EE100A0F4BD3ED007A30EE670A0E48EA
:10752000FEF7F3FDBDEEC00A10EE103A1BB21433A5
:107530001BB2372B03DC082B02DC092300E03723C6
:10754000064A138003B05DF804FB00BFBA100020A8
:1075500000002440B410002080100020BE10002045
:1075600000B583B00DF106017120FFF7A7FA3B4B80
:1075700083FB0023C017C0EBA30080B2384B1880F8
:10758000384B1B8842F20F72934202D80133354ABE
:107590001380354B1B78042B08D8DFE803F0030F6A
:1075A00018344700314B1B78012B02D003B05DF833
:1075B00004FB2F4B1888FFF7CDFEF7E72B4B1B780A
:1075C000012BF3D12A4B1888FFF7C4FEEEE7FFF733
:1075D00085FF264B1B78012B0CD0214B1B88C82B19
:1075E0000DD8204B1B88B3F5E16FDFD30320FFF7E5
:1075F000E1FEDBE71E4B1888FFF7ACFEEDE703204A
:10760000FFF7D8FEEDE7FFF769FF184B1B78012B5A
:1076100007D0134B1B888B2BC8D80420FFF7CAFE5A
:10762000C4E7134B1888FFF795FEF2E7A0280CD8A3
:107630000B4B1B884F2B0CD90C4B1B78012BB5D156
:107640000B4B1888FFF786FEB0E70320FFF7B2FE6A
:10765000EEE70120FFF7AEFEEEE700BF6766666665
:10766000B8100020BC100020C0100020C110002065
:10767000BE100020054B60221A6000225A609A60FA
:10768000DA601A615A619A61704700BFC410002025
:1076900010B5044610F0010F32D001224FF4805192
:1076A0002C4804F08AF914F0020F30D001224FF474
:1076B0000051284804F081F914F0040F2ED0012263
:1076C0004FF48041234804F078F914F0080F2CD0CF
:1076D000012204211F4804F070F914F0100F2AD081
:1076E00001224FF480611B4804F067F914F0200F69
:1076F00028D001224FF40061164804F05EF910BD55
:1077000000224FF48051134804F057F9CBE70022D0
:107710004FF400510F4804F050F9CDE700224FF428
:1077200080410C4804F049F9CFE7002204210948C0
:1077300004F043F9D1E700224FF48061054804F0DA
:107740003CF9D3E700224FF40061024804F035F918
:10775000D5E700BF0004004808B530B10122082178
:107760004FF0904004F029F908BD002208214FF0A5
:10777000904004F022F9F7E708B530B10122042166
:107780004FF0904004F019F908BD002204214FF099
:10779000904004F012F9F7E708B530B10122022158
:1077A0004FF0904004F009F908BD002202214FF08B
:1077B000904004F002F9F7E708B528B10122202132
:1077C000044804F0FAF808BD00222021014804F022
:1077D000F4F8F8E70004004838B5044601211448DD
:1077E00004F0E4F8002C03DB642C02DD642400E0E8
:1077F00000244FF46B7303FB04F40E4B83FB042350
:10780000E417C4EB63140C4D6C600C4C042120464F
:1078100005F03AFE04222946204605F0EDFC20B989
:107820000421064805F094FD38BD01F0C1FCF7E7DE
:10783000000400481F85EB51C41000208015002073
:1078400038B504460121144804F0B0F8002C03DBDD
:10785000642C02DD642400E000244FF46B7303FB0E
:1078600004F40E4B83FB0423E417C4EB63140C4DA8
:107870006C600C4C0021204605F006FE00222946D3
:10788000204605F0B9FC20B90021064805F060FD4E
:1078900038BD01F08DFCF7E7000400481F85EB516F
:1078A000C41000208015002038B50446012114487A
:1078B00004F07CF8002C03DB642C02DD642400E07F
:1078C00000244FF46B7303FB04F40E4B83FB04237F
:1078D000E417C4EB63140C4D6C600C4C082120467B
:1078E00005F0D2FD08222946204605F085FC20B986
:1078F0000821064805F02CFD38BD01F059FCF7E7DA
:10790000000400481F85EB51C410002080150020A2
:107910000E4B5A221A8000230D4A13800D4A3F2134
:1079200011800D4A022111700C4A13800C4A1380F9
:107930000C4A13800C4A13800C4A13800C4A1360C3
:107940000C4A13700C4A1380704700BF04110020CA
:107950000C1100200A11002008110020061100203F
:10796000EE1000200211002000110020EC10002079
:10797000E8100020E4100020E2100020012802D0CE
:10798000034B19807047034B01221A70F8E700BFC0
:10799000E2100020E41000200023034A1380034A71
:1079A0001370034A13707047EC100020E41000209D
:1079B0000911002010B50024034B1C802046FFF75E
:1079C00067FE024B1C8010BD0C1100200611002028
:1079D00000231946184605E00F4A32F81C201144CE
:1079E0000133DBB2052B09D89C460C4A12881A4198
:1079F00012F0010FF0D0013000B2EDE700EB800093
:107A00004300074A1380074BA3FB0131C1F3CF01A9
:107A1000054B1980704700BFF41000200C110020A6
:107A200006110020CDCCCCCCF010002008B51D4BA9
:107A3000B3F900302C2B20DC1B4B1B88BBB91A4A36
:107A4000138843F040039BB213805B081380164BEE
:107A50001888164A1288104080B21880C0B2FFF70A
:107A600017FEFFF7B5FF08BD5B000F4A13800E4BF2
:107A70001B8813F0200FF7D0E1E70B4B1B885BB995
:107A8000094A13885B009BB2138043F00103138003
:107A9000DDE75B08044A1380034B1B8813F0010FDA
:107AA000F7D0EDE7E01000200C1100200A110020B3
:107AB00008B5194BB3F900302C2B1CDC174B1B8875
:107AC0009BB9164A13885B001380144B1888144A1C
:107AD0001288104080B21880C0B2FFF7D9FDFFF7BE
:107AE00077FF08BD5B000D4A13800C4B1B8813F019
:107AF000200FF7D0E5E7094B1B883BB9074A1388ED
:107B00005B081380E1E75B08044A1380034B1B8882
:107B100013F0010FF7D0F1E7E01000200C11002066
:107B20000A11002010B5C0F10A02244BB3F900304D
:107B30009A4211DA224A1388013313800023214A22
:107B40001380214A13701E4B1B88072B1ED81D4B18
:107B50001B88072B22D810BD40420133984205DC18
:107B60000023174A1380174A1380ECE7154A13883D
:107B700001331380124B00221A80144BB3F90030EA
:107B8000002BE0D1104B02221A70DCE700240C4BD2
:107B90001C80FFF74BFF0C4B1C70D8E70024094BEF
:107BA0001C80FFF785FF084B1C70084BB3F90030B1
:107BB000002BD0D1044B02221A70CCE7EE1000202B
:107BC00002110020001100200811002006110020E1
:107BD0002DE9F04385B00120FDF7DAFAFCF7B2FD9C
:107BE000C5A3D3E90023FCF717FEFDF74FF84FF4C8
:107BF0007A7505FB00F39B08C14EA6FB0323C3F374
:107C00008F03C04C23800220FDF7C2FAFCF79AFDD7
:107C1000B9A3D3E90023FCF7FFFDFDF737F805FB17
:107C200000F39B08A6FB0323C3F38F0363800320A9
:107C3000FDF7AEFAFCF786FDAFA3D3E90023FCF70E
:107C4000EBFDFDF723F805FB00F39B08A6FB0323E0
:107C5000C3F38F03A3800420FDF79AFAFCF772FDAB
:107C6000A5A3D3E90023FCF7D7FDFDF70FF805FB2B
:107C700000F39B08A6FB0323C3F38F03E3800520D7
:107C8000FDF786FAFCF75EFD9BA3D3E90023FCF722
:107C9000C3FDFCF7FBFF05FB00F39B08A6FB0323DA
:107CA000C3F38F0323810620FDF772FAFCF74AFD28
:107CB00091A3D3E90023FCF7AFFDFCF7E7FF05FB39
:107CC00000F39B08A6FB0363C3F38F036381FFF7F5
:107CD0007FFE01228C4B19785020FEF70BFF8B4C56
:107CE0000122B4F900105120FEF704FF0122884B55
:107CF000B3F900105220FEF7FDFEB4F900400DF17B
:107D00000E010B20FEF7DAFE04FB00F0814B83FB33
:107D10000023C017C0EBA30005FB00F07E4BA3FBC4
:107D200000307E4A136803EBD0231360AB4207D9BF
:107D30007B490A8801320A80A3F57A73774A136077
:107D4000764B1B68B3F57A7F07D975490A880132EB
:107D50000A80A3F57A73714A13600122704BB3F95C
:107D600000105320FEF7C6FE01A8FEF721FA9DF889
:107D70000830053BDBB2032B00F29580694B4622AD
:107D80001A800023ADF80E300DF10E017820FEF7B9
:107D900095FE07460DF10E016E20FEF78FFEDFF80F
:107DA000748188FB0023C017C0EBA3005E4B1880D2
:107DB0000DF10E010A20FEF781FE06460DF10E01BF
:107DC0000D20FEF77BFE054688FB0023C417C4EB9D
:107DD000A30424B20DF10E010E20FEF76FFE88FB06
:107DE0000028C317C3EBA8030FFA83F80DF10E01A7
:107DF0002D20FEF763FE8146BDF80E30002B56D1D4
:107E0000622E05DD24B90123484A1370484A1370D5
:107E10005F2E03DD464B1B78012B4ED04FF4004103
:107E2000444803F0C3FD01284BD00121424803F030
:107E3000BDFD00284BD00420FDF7FEF900284ED0F0
:107E4000B7F5257F51DA384BB3F90020354BB3F93C
:107E500000309A4276DC5E2E0ADC344B00221A7027
:107E6000294B03221A70354BB3F90030002B6FD029
:107E70002E4B1B78012B6ED0304BB3F90030002B0A
:107E800000F08B802A4A1278002A40F08680002B6E
:107E90007DDD5B422A4A13804046FFF743FE1A4BC2
:107EA0000A221A7018E01F4B5A221A8069E7164BF3
:107EB00007221A70FFF77EFD0EE01C4B01221A709C
:107EC000ACE7114B05221A70FFF774FD04E00E4B6E
:107ED00004221A70FFF76EFD05B0BDE8F0830A4B6F
:107EE00008221A70FFF766FDF6E7074B06221A70A4
:107EF000FFF760FDF0E700BF0000000000E2E93F8F
:107F0000310CC330F41000200811002006110020AD
:107F1000F010002067666666C5B3A291E8100020E5
:107F2000EC10002004110020E010002009110020B6
:107F3000E41000200008004800040048E21000207F
:107F4000EE100020184B01221A70FFF733FDC3E733
:107F5000FFF730FD8CE7602E0DDD132D13DC42F2B0
:107F60000F73994503DD114B5F221A8007E00F4B19
:107F700000221A8003E00D4B4FF6FE721A80404635
:107F8000FFF7D0FDA8E7094B0F221A80F7E7064B51
:107F900003221A70FFF70EFD9EE7034B03221A70AF
:107FA000FFF708FD98E700BF08110020EE10002041
:107FB0000023094A1370094A1370094A1370094AC9
:107FC00006211170084A1370084A1370084A13609A
:107FD000084A1370704700BF2411002022110020AE
:107FE0002311002020110020211100201C1100204D
:107FF000181100200E11002008B5074B1B7813B98B
:10800000064B1B7803B908BD034B01221A701E21D1
:108010000220FDF7DEF9F6E70E1100202411002002
:1080200008B5064B1B78012B00D008BD0020034B80
:1080300018700146FDF7CDF9F7E700BF0E110020DB
:108040002DE9F04F87B00023ADF816300DF1160181
:108050006420FEF733FD0546B64E86FB00234FEA4B
:10806000E079C9EBA3090DF116017120FEF726FD99
:10807000824686FB00234FEAE078C8EBA3080DF1A7
:1080800016016520FEF71AFD07460DF11601662060
:10809000FEF714FD04460DF116016720FEF70EFDF4
:1080A00002900DF116017520FEF708FD0DF1160185
:1080B0006E20FEF703FD01900DF116016920FEF719
:1080C000FDFC86FB0036C317C3EBA606BDF81610F1
:1080D000002976D10FFA89F90FFA88F8834636B26B
:1080E000E71BBAB23BB20393934B1B78013BDBB265
:1080F000012B23D9914A13680B441360904AA2FBC9
:108100000323DB0A8F4F3B80012209B26220FEF776
:10811000F1FC0122B7F900106320FEF7EBFC854B60
:1081200083FB0423E417C4EBA30424B2824B1B7823
:10813000032B10D8DFE803F00958729002EB4203DA
:10814000C2EBC302920091B2D4E77F4B00221A70B7
:10815000B5F5167F38DA7D4B00221A70019BB3F516
:10816000707F02DB794B01221A7040F265339D4229
:1081700002DD764B02221A706F4B1B78013BDBB29B
:10818000012B40F28D80714B1B78022B00F09B80FD
:10819000032B00F09F80012B40F0A3800220FEF70C
:1081A0006FFC0120FEF748FC694A138801339BB23B
:1081B0001380664A127822B95F4A1278022A00F0C8
:1081C000978007B0BDE8F08F4FF6FF7201210020C5
:1081D000FDF7E0F80120FFF7BFFA5E4B00221A60BE
:1081E000554B01221A70B6E7029BB3F5FA7F02DB0A
:1081F000514B02221A70B5F5FA7FACDA554B1B6869
:108200003C2BA8D90020FFF7A7FA0122002108463D
:10821000FDF7C0F8484B00221A709CE740F24B4330
:108220009A4598DC039B092B95DC40F251339D4223
:1082300091DC484B1B683C2B8DD90020FFF78CFA52
:108240000020FEF71DFC012200210846FDF7A2F8E0
:10825000394B03221A707EE740F24D239D420BDC1E
:10826000354B00221A70B5F52F7FFFF674AF02363A
:10827000B1457FF770AF03E040F265339D42F2DD18
:108280004FF6FF7201210020FDF784F80120FFF76F
:1082900063FA304B00221A60274B01221A705AE70A
:1082A0002C4A136801331360B5F5437FFFF66BAFBB
:1082B0000334A1457FF767AF3C2B7FF664AF234BB8
:1082C00003221A705FE70320FEF7DAFB0220FEF7B5
:1082D000B3FB69E70320FEF7D3FB0320FEF7ACFBFB
:1082E00062E70020FEF7CCFB0020FEF7A5FB5BE772
:1082F0003C2B7FF666AF164B00221A80A8F17E0851
:108300001FFA88F8B8F1170F0FD8BBF52F7F0CDADA
:108310000D4B1B78022B3FF654AF0520FEF7B0FB48
:10832000094A1378013313704BE7074B00221A7088
:1083300047E700BF67666666241100201811002019
:10834000C5B3A291141100201C110020231100209C
:108350001E110020101100200023024A1360024A5F
:108360001380704718110020141100200000000035
:108370002DE9D0430020FCF70BFF0446FCF7E2F99F
:1083800032A3D3E90023FCF747FA00222C4BFCF779
:108390008DF821A3D3E90023FCF73EFA02460B46F1
:1083A0001FA1D1E90001FCF77FF81FA3D3E9002347
:1083B000FCF75CFB804689460022224BFCF72CFA36
:1083C00006460F4642464B4619A1D1E90001FCF78B
:1083D0006BF802460B4630463946FCF747FB002255
:1083E000184BFCF761F814A3D3E90023FCF714FA47
:1083F000FCF724FC01B2144B198014B1B4F5805F72
:1084000005D100227120FEF775FBBDE8D083012263
:108410007120FEF76FFBF8E7000000000088C34002
:108420007E67A3DE48DD99410000000000F3E640CE
:108430000000000000E2A940E17A14AE47E10440E8
:1084400000004E4000408F40261100200000000038
:1084500000E2E93F10B50C46002308E01E4901EB9D
:108460008C029480012201F82C2010BD0133312BA5
:1084700017DC03EB430C184A02EB8C025288824251
:10848000F4D1002CEAD1144903EB43024FEA820EE7
:1084900001EB82024FF0000CA2F804C001F80EC0FC
:1084A000E4E7002300E00133312BDEDC03EB430281
:1084B000094911F82220002AF5D1002CF3D003EB52
:1084C000430201EB82025080948003EB43030122BC
:1084D00001F82320C9E700BF3011002008B5074B81
:1084E0001878012808D001221A700A220449054B85
:1084F000186805F0D7F8002008BD00BF8C130020D5
:10850000901300208813002010B582B00446002389
:10851000ADF806300DF10601FEF7D0FABDF80620E1
:10852000013A18BF0122094B02211970212159700B
:10853000210A9970DC70011219715871002199712A
:10854000DA71FFF7CBFF02B010BD00BF901300201F
:1085500008B5084B06221A7010225A70016842684A
:10856000C3F80210C3F8062003229A70FFF7B6FF83
:1085700008BD00BF9013002038B52B4A11785378FE
:1085800043EA01231BB29178D07840EA012000B27F
:108590001479517941EA042140F22272934231D098
:1085A0000DB211DCB3F5C06F36D040F213729342B6
:1085B0001FD0B3F5907F15D1C243D20F2946C0F327
:1085C0000E00FEF797FA0DE040F2247293421DD0A0
:1085D00040F27772934205D1144B01221A70144B6A
:1085E00000221A800A221049124B186805F0CAFDB1
:1085F00038BD84B2A9B22046FFF72CFF2046FFF712
:1086000083FFEFE7C0B2FFF7D7F8EBE7FFF7E4F837
:108610002846FFF715F9E5E70748FEF71BF8074876
:10862000FDF7C6FFDEE700BF9C1300202C110020E1
:108630002A11002088130020518500089E13002075
:1086400008B5084B18600023074A1370074A1370D7
:10865000074A1370074A13700A22074905F092FD72
:1086600008BD00BF881300208E1300208D1300204A
:108670008C1300202C1100209C1300202E4A1388FC
:108680000A339BB2138040F6B832934202D92B4B87
:1086900000221A70294B1B78002B4BD070B5284A4A
:1086A00013880A339BB21380B3F57A7F01D8002375
:1086B00016E0134600221A80FCF7CBFD012201B21E
:1086C0001046FEF717FA0120FFF71EFFEFE703EB56
:1086D00043011C4A02EB8102D1880A31D180013367
:1086E000312BF4DD002400E00134312C21DC04EBDB
:1086F0004403144A12F82330012BF5D104EB440251
:10870000104B03EB82039B88002BEDD011460D4AE2
:1087100002EB8102D2889342E6D80A4D660005EB4F
:1087200081035888FFF7F0FE264405EB86050023F9
:10873000EB8070BD704700BF2A1100202C11002073
:108740002811002030110020044B1B68834200D008
:108750007047034B00221A70FAE700BF881300200D
:108760008C13002008B5064B1B68834200D008BD5F
:108770000123044A1370044A1370FFF7FDFEF6E765
:10878000881300208D1300208E13002010B50024C4
:10879000054B1C702046FEF7FFFF012221462046B4
:1087A000FCF7F8FD10BD00BFB113002010B50B4B56
:1087B00041221A70632800D81870084B1878FFF708
:1087C0000BF80124064B1C704FF6FF722146002067
:1087D000FCF7E0FD2046FEF7DFFF10BDAF130020E1
:1087E000B113002010B50024054B1C702046FEF785
:1087F000C3FF012221462046FCF7CCFD10BD00BF7F
:10880000B013002010B50B4B41221A70632800D81A
:108810001870084B1878FFF713F80124064B1C70EA
:108820004FF6FF7221460020FCF7B4FD2046FEF70C
:10883000A3FF10BDAE130020B013002010B5D72346
:108840000F4A13800F4A13800F4A13800F4BC32225
:108850001A800F4B14221A800E4B05221A800E4BE1
:1088600013221A800D4B06221A803C200C4B1870E4
:108870000C4C2070FEF7B0FF2078FEF7E1FF10BD32
:10888000C4130020C2130020C0130020BE13002018
:10889000BC130020BA130020B8130020B613002028
:1088A000AF130020AE1300202DE9F04F8BB008A8C5
:1088B000FDF77EFC9DF820900023ADF81E300DF1F1
:1088C0001E017C20FEF7FAF807460DF11E016F200D
:1088D000FEF7F4F801900DF11E017E20FEF7EEF890
:1088E00080460DF11E017220FEF7E8F80290BDF8F7
:1088F0001E301BB917B1B8F1000F06D1FFF772FF98
:10890000FFF744FF0BB0BDE8F08F0DF11E016920A9
:10891000FEF7D4F805460DF11E016A20FEF7CEF8E9
:1089200006460DF11E016B20FEF7C8F804460DF156
:108930001E016C20FEF7C2F882460DF11E016D206B
:10894000FEF7BCF883460DF11E016E20FEF7B6F867
:1089500004900DF11E017120FEF7B0F805900DF1A5
:108960001E017F20FEF7AAF80390AA480023038087
:10897000354405EBD5756B10A3F5967303EB4312E5
:1089800003EB8203A44A82FB0351DB17C3EBA10371
:108990000380264406EBD6767610A6F5967606EB8F
:1089A000461106EB810682FB0651F617C6EBA106BF
:1089B00016FA83F39DB20580544404EBD47461101D
:1089C000A1F59671652303FB01F182FB0134CB17FE
:1089D000C3EBA4032B4419B20180904C21800AEB15
:1089E0000B0000EBD0704010A0F5C8706C2505FBA3
:1089F00000F082FB0065C017C0EBA50010FA83F3FE
:108A00009BB223800498584400EBD0704010A0F52E
:108A1000C8702E2505FB00F082FB0052C017C0EB8A
:108A2000A2000344238001225620FEF763F80122AE
:108A3000B4F900105520FEF75DF8794B1D88794B8D
:108A40001C88794B1B88994505D3784B1B88994521
:108A500001D2774B1D88774B1B88994505D3764B00
:108A60001B88994501D2754B1C88754B1B78002BD0
:108A700000F0AB80734A138801331380654BB3F960
:108A80000030002B40F39B80A84580F29B806E4B0A
:108A90001B78002B00F0E6806C4A138801331380AA
:108AA0005C4BB3F90030002B40F3AA802646A74266
:108AB00080F2A980059BB3F5966F03DB143EB742A5
:108AC00080F2A480624B4FF4A5721A80039B002BA6
:108AD000C0F2EC80A5EB0805C5EB05155C4B1A88C8
:108AE0001544ADB21D80B5F5167F02D94FF416724C
:108AF0001A80584A4FF4BE731380E41B04EB8404BD
:108B0000630003F5BE739BB21380B3F5F07F03D906
:108B100013464FF4FA721A804A4B1B88282B1FD930
:108B20004D4AA2FB03121209C2EB0212A3EB42034D
:108B30009BB2ABB9464B1B880A3B029A9A4204DAB5
:108B4000464B1B78632B40F2B880414B1B880A339D
:108B5000029A9A4204DD414B1B783C2B00F2B48010
:108B60003A4B1B88282B7FF6CDAE3B4AA2FB031263
:108B70001209C2EB0212A3EB42039BB2002B7FF45B
:108B8000C1AE344B1B880A3B019A9A4204DA344B3B
:108B90001B78632B40F29F802E4B1B880A33019A6F
:108BA0009A427FF7AFAE2E4B1B783C2B7FF6AAAED6
:108BB000013BD8B22A4B1870FEF742FEA2E6FFF73F
:108BC000E5FD61E7FFF7E2FD61E71E4B00221A8039
:108BD000104BB3F90030B3F5967FFFF658AF6B1E1C
:108BE00043457FF754AF0C4B83FB0A234FEAEA70EF
:108BF000C0EBA300C0F18700C0B2FFF7D7FD46E786
:108C0000FFF7F0FD52E7FFF7EDFD53E7FFF7EAFD51
:108C100058E700BFB413002067666666B2130020F1
:108C2000BE130020C2130020B6130020B81300208A
:108C3000C0130020BA130020BC130020C41300206E
:108C4000B1130020AC130020B0130020AA130020A1
:108C5000A8130020A613002089888888AF1300205D
:108C6000AE1300201F4B00221A801F4BB3F90030B7
:108C7000B3F5487FFFF626AF631EBB427FF722AFF6
:108C8000059BB3F5966F04DBA4F114029742BFF67F
:108C900019AF164B83FB0A234FEAEA70C0EBA3001F
:108CA000C0F18200C0B2FFF7ADFD0BE703EBD37359
:108CB0005B10D31A0E4A13800CE70133D8B20D4B68
:108CC0001870FEF789FD40E7013BD8B2094B1870D8
:108CD000FEF782FD44E70133D8B2074B1870FEF768
:108CE000AFFD59E7AA130020B4130020676666663B
:108CF000A8130020AF130020AE1300200023054A64
:108D00001380054A1380054A1360054A1360054A1B
:108D100013707047DA130020D8130020E0130020EE
:108D2000DC130020C613002008B52E4B1B682E4A0A
:108D30001268934217D12D4A1368013313602C4AED
:108D4000B2F90020002A1EDD44F2506191FBF2F2DC
:108D5000B3EB420F17D90021254B198001225A206D
:108D6000FDF7C8FE0FE0204A1360204B1A6844F25A
:108D70005061B1FBF2F11E4A118000221A600122FB
:108D80005A20FDF7B7FE1B4B1B681B4A1268934223
:108D900017D11A4A136801331360194AB2F9002037
:108DA000002A1EDD44F2506191FBF2F2B3EB420F58
:108DB00017D90021124B198001225B20FDF79AFE82
:108DC0000FE00D4A13600D4B1A6844F25061B1FB7D
:108DD000F2F10B4A118000221A6001225B20FDF79C
:108DE00089FE08BDE0130020D4130020CC1300201E
:108DF000DA130020DC130020D0130020C813002059
:108E0000D813002010B50021074B1960074C2160D2
:108E100001225C20FDF76EFE0122B4F900105D20F6
:108E2000FDF768FE10BD00BFE0130020DC1300203A
:108E300010B50446022802D0042C0AD010BD0A4BFB
:108E4000196803311960012209B25C20FDF752FE56
:108E5000F2E7064B196803311960012209B25D205F
:108E6000FDF748FEEAE700BFE0130020DC13002016
:108E700008B5017A007CFCF713FB08BD10B5044669
:108E80008188006802F092FDA072237A984212D085
:108E9000A37B0133DBB2A373E27B934212D920722E
:108EA0000023A373A381637A98420BD0607220469B
:108EB000FFF7DEFF06E0A3894FF6FF72934201D071
:108EC0000133A38110BD000084B038B504AC84E840
:108ED0000F009DF824E08DF820E00B4D0EEB8E0383
:108EE0004FEA830CAC440FCCACE80F002368CCF8FD
:108EF00000300EEB8E0E4FEA8E002844FFF7BEFFC7
:108F0000BDE8384004B07047E413002030B589B0A4
:108F100000238DF814308DF816308DF81530ADF82B
:108F200018308DF81A3014228DF81B204FF0904223
:108F30000392012504950193079B009303AC94E8E9
:108F40000F00FFF7C1FF0F4B039308230493019514
:108F5000079B009394E80F00FFF7B6FF8DF81450BD
:108F60008DF816508DF815504FF4007304930223BA
:108F70000193079B009394E80F00FFF7A5FF09B04A
:108F800030BD00BF00080048022801D9002070470A
:108F900000EB8000024B03EB8003187A704700BFA0
:108FA000E413002010B5002408E004EB84029300D1
:108FB00004481844FFF762FF0134E4B2022CF4D9EC
:108FC00010BD00BFE41300202DE9F0438BB0002456
:108FD000059406940794089409945B4BDA6C42F06C
:108FE0000402DA64DA6C02F004020092009ADA6C8D
:108FF00042F08002DA64DA6C02F080020192019A97
:10900000DA6C42F00102DA64DA6C02F001020292D8
:10901000029ADA6C42F00202DA64DA6C02F00202BE
:109020000392039ADA6C42F00802DA64DB6C03F014
:1090300008030493049B454E224647F6C041304640
:1090400002F0BBFC22460E214FF0904002F0B5FC2E
:109050003F4F22464FF62C71384602F0AEFCDFF847
:10906000F49022460421484602F0A7FCDFF8E8808D
:1090700022460821404602F0A0FC47F6C043059373
:10908000012506950794089405A9304602F0AAFB2D
:1090900048F2083305930694079405A9304602F078
:1090A000A1FB062305934FF488130693079405A9A3
:1090B000304602F097FB05950694079405A94FF0FA
:1090C000904002F08FFB0E230593069507940894B9
:1090D00005A94FF0904002F085FB05950694079492
:1090E00005A9384602F07EFB4FF62C7305930695D2
:1090F0000794089405A9384602F074FB04230593ED
:1091000006950794089405A9484602F06BFB0826CB
:10911000059606950794089405A9404602F062FB5F
:1091200022460A21072002F0AFF9072002F0BCF91D
:1091300022460A21304602F0A7F9304602F0B4F97F
:109140000BB0BDE8F08300BF0010024000080048EB
:1091500000040048000C0048001C004800B583B023
:10916000124B9A6C42F001029A649B6C03F001036B
:109170000193019B002202210B2002F085F90B20B4
:1091800002F092F9002202210E2002F07DF90E2059
:1091900002F08AF9002202210F2002F075F90F2057
:1091A00002F082F903B05DF804FB00BF001002403A
:1091B00072B6FEE708B50D480D4B0360052343600A
:1091C00000238360C3604FF4602202614FF44012B9
:1091D00042610376012242768376C2760377437733
:1091E00001F048FD00B908BDFFF7E2FF00160020BE
:1091F0000064004010B596B00024139414941594A4
:109200000C940D940E940F941094119412942C229B
:10921000214601A805F0ABF92C482D4B0360312302
:10922000436084604FF47A73C36004614461846175
:1092300003F078FF00283DD1002313931493159376
:1092400013A9224804F07AF9002835D160230C9341
:1092500000220D920E920F921092119212920CA96E
:109260001A4803F0C9FF48BB04220CA9174803F0B1
:10927000C3FF28BB08220CA9144803F0BDFF08BB9C
:109280000023019302930393049305934FF4005238
:109290000692079308934FF0007209920A930B937A
:1092A00001A90A4804F082F970B9084800F008FCE6
:1092B00016B010BDFFF77CFFFFF77AFFFFF778FFCE
:1092C000FFF776FFFFF774FFFFF772FF80150020AE
:1092D000002C014008B50B480B4B03604FF4614371
:1092E000436000238360C36003610C224261836199
:1092F000C3610362436204F0BCFE00B908BDFFF71E
:1093000057FF00BFB01400200038014000B585B001
:1093100000230193029303930D480E4A0260042236
:10932000426083604FF47A72C260836103F0CAFEC8
:1093300050B900230193039301A9054804F0FEF8F6
:1093400020B905B05DF804FBFFF732FFFFF730FFEF
:10935000341500200010004000B587B000230093B2
:10936000019302930393049305934348434A026095
:1093700043608360C360012202610421416103767E
:1093800042760821C16180F820308362C36280F890
:109390003020436380F8383000F0C2FD002859D1F6
:1093A000374B009306230193002302937F220392FD
:1093B00004220492059369462F4801F011F8002811
:1093C0004AD1304B00930C23019369462A4801F09F
:1093D00007F8002842D12C4B0093122301936946D1
:1093E000254800F0FDFF00283AD1284B00931823B0
:1093F00001936946204800F0F3FF002832D1244B46
:1094000000934FF48073019369461B4800F0E8FF16
:1094100050BB204B00934FF4837301936946164869
:1094200000F0DEFF10BB1C4B00934FF486730193DA
:109430006946114800F0D4FFD0B9184B00934FF49F
:109440008973019369460C4800F0CAFF90B907B0D0
:109450005DF804FBFFF7ACFEFFF7AAFEFFF7A8FEDE
:10946000FFF7A6FEFFF7A4FEFFF7A2FEFFF7A0FEA0
:10947000FFF79EFEFFF79CFE7016002000000450D0
:10948000020030040002B0250004002A0008302E3B
:1094900000106032002090360040C03A00002143A6
:1094A00008B50A480A4B0360002343607C228260AF
:1094B00040F2CF72C260036143618361C36103F014
:1094C0008BFA00B908BDFFF773FE00BFCC15002072
:1094D0000028004008B50848084B03600623436095
:1094E00040F6FF73C36040F27713836002F082FAA4
:1094F00000B908BDFFF75CFEF01500200030004009
:1095000000B597B04422002105A805F030F80023EB
:10951000009301930293039304934FF4007002F0BD
:10952000ABFA30BB092305934FF480330693012334
:109530000A9302230F93032210921193192212927D
:10954000072213921493159305A802F079FB90B9A2
:109550000F23009303210191002302934FF48063B2
:1095600003930493684602F0A1FE30B917B05DF88A
:1095700004FBFFF71DFEFFF71BFEFFF719FE0000BF
:1095800008B5114B114A9A60BFF34F8FBFF36F8F2D
:1095900062B600F075FCFFF7B3FFFFF715FDFFF7AC
:1095A000DDFDFFF707FEFFF725FEFFF793FEFFF750
:1095B000ADFEFFF7D1FEFFF773FFFFF78BFFFDF75F
:1095C000D3FBFDF77DFDFEE700ED00E00042000863
:1095D00008B5FFF7E7FC08BD08B5FCF759F908BD69
:1095E00008B5FCF7EDF8FBF74DFEFDF705FAFFF7C0
:1095F00045F8FFF799FBFDF76FFEFBF7E9FF08BDA4
:1096000008B5FCF783FEFEF7B3FEFBF7AFFD08BD20
:1096100008B5FEF7DDFAFEF713FDFDF733FBFDF7A6
:109620006DFDFFF741F9FDF79BFF08BD0D4B0122D2
:109630009A800D4B05229A800C4B0A229A800C4B83
:1096400032229A800B4B64229A800B4BFA229A802A
:109650000A4B4FF4FA729A80094B4FF47A729A804F
:10966000704700BF0C17002004170020FC160020D4
:10967000F4160020EC160020E4160020DC16002072
:10968000D4160020344A538801339BB25380928809
:10969000934204D3304B01221A7000225A802F4A81
:1096A000538801339BB253809288934204D32B4B4F
:1096B00001221A7000225A80294A538801339BB232
:1096C00053809288934204D3254B01221A700022C2
:1096D0005A80244A538801339BB253809288934224
:1096E00004D3204B01221A7000225A801E4A53884C
:1096F00001339BB253809288934204D31A4B0122C8
:109700001A7000225A80194A538801339BB2538041
:109710009288934204D3154B01221A7000225A807A
:10972000134A538801339BB253809288934204D3E7
:109730000F4B01221A7000225A800E4A53880133BF
:109740009BB253809288934204D30A4B01221A7031
:1097500000225A80704700BF0C1700200417002019
:10976000FC160020F4160020EC160020E416002061
:10977000DC160020D416002008B5204B1B78F3B966
:109780001F4B1B780BBB1F4B1B7823BB1E4B1B783F
:1097900013B11D4B00221A701C4B1B780BBB1C4BCA
:1097A0001B7813B11A4B00221A701A4B1B7813B195
:1097B000184B00221A70184B1B78C3B908BDFFF76D
:1097C00007FF0E4B00221A70DAE7FFF705FF0C4B7C
:1097D00000221A70D7E7FFF703FF0A4B00221A7026
:1097E000D4E7FFF70DFF094B00221A70D7E7FFF708
:1097F0000FFF094B00221A70E0E700BF0C17002092
:1098000004170020FC160020F4160020EC1600209F
:10981000E4160020DC160020D416002082B00A4B8B
:109820001A6E42F001021A661A6E02F001020092EC
:10983000009A9A6D42F080529A659B6D03F08053B6
:109840000193019B02B070470010024070B5A0B0B8
:10985000044600211B911C911D911E911F915C22B9
:1098600004A804F084FE22683A4B9A4201D020B04A
:1098700070BD4FF4804304934FF04053189304A8F5
:1098800002F0BAFE00285ED1334BDA6C42F400528B
:10989000DA64DA6C02F400520092009ADA6C42F058
:1098A0000402DA64DA6C02F004020192019ADA6CC2
:1098B00042F00102DA64DA6C02F001020292029ACA
:1098C000DA6C42F00202DA64DB6C03F00203039309
:1098D000039B31231B930B261C9600251D951BA96A
:1098E0001E4801F07FFFF0231B931C961D951BA9BA
:1098F0004FF0904001F076FF02231B931C961D95BC
:109900001BA9174801F06EFF1648174B036045600E
:109910008560C560802303614FF4807343614FF419
:1099200080638361C561056201F0F0FD70B90D4B84
:10993000E3649C6200220221122001F0A5FD1220A6
:1099400001F0B2FD93E7FFF733FC9DE7FFF730FC32
:10995000EDE700BF0000045000100240000800487E
:1099600000040048281600200800024010B588B006
:109970000023039304930593069307930268204BF7
:109980009A4201D008B010BD03F5D6339A6D42F06B
:1099900000729A659A6D02F000720192019ADA6C77
:1099A00042F00102DA64DB6C03F001030293029BD4
:1099B0004FF4C05303930224049403230693092312
:1099C000079303A94FF0904001F00CFF00222146BD
:1099D000132001F059FD132001F066FD0022012142
:1099E000142001F051FD142001F05EFD0022012140
:1099F000152001F049FD152001F056FDC2E700BF1A
:109A00000064004010B598B004465C22002101A813
:109A100004F0ADFD22680D4B9A4201D018B010BD84
:109A20004FF4003301934FF44073179301A802F0F1
:109A3000E3FD38B9064AD2F8903043F40043C2F847
:109A40009030EBE7FFF7B4FBF4E700BF00280040DD
:109A5000001002400268094B9A4200D0704782B061
:109A600003F564431A6E42F400621A661B6E03F437
:109A700000630193019B02B0704700BF002C0140BE
:109A800002680E4B9A4200D0704700B583B003F5D0
:109A900000339A6D42F010029A659B6D03F010033B
:109AA0000193019B00221146362001F0EDFC362087
:109AB00001F0FAFC03B05DF804FB00BF00100040A9
:109AC00000B587B000230193029303930493059399
:109AD00002680F4B9A4202D007B05DF804FB03F511
:109AE0006443DA6C42F00102DA64DB6C03F00103D8
:109AF0000093009B4FF4E063019302230293012340
:109B0000059301A94FF0904001F06CFEE4E700BF1F
:109B1000002C014070B59EB00446002119911A91A5
:109B20001B911C911D915C2202A804F020FD22686B
:109B3000324B9A4201D01EB070BD0123029302A89D
:109B400002F05AFD002850D12D4B1A6E42F480428B
:109B50001A661A6E02F480420092009ADA6C42F0A1
:109B60000202DA64DB6C03F002030193019BC02361
:109B7000199302261A9600251B9503231C9307238D
:109B80001D9319A91F4801F02DFE1F481F4B0360AC
:109B900046608560C5608023036145618561C5615C
:109BA000056201F0B3FC18BB174B23679C62184891
:109BB000184B036002234360102383600023C360BB
:109BC0008022026143618361C361036201F09EFCF4
:109BD00088B90F4BE3669C6200220221252001F028
:109BE00053FC252001F060FCA5E7FFF7E1FAABE7A5
:109BF000FFF7DEFAD8E7FFF7DBFAEAE700380140C3
:109C00000010024000040048681400205800024080
:109C10002014002044000240FEE7FEE7FEE7FEE7D6
:109C2000FEE770477047704708B500F039F9FFF755
:109C300029FD08BD08B5022001F0CEFE08BD08B51B
:109C4000042001F0C9FE08BD08B5024801F068FD16
:109C500008BD00BF2816002008B5024801F060FDCD
:109C600008BD00BF2014002008B5024801F058FDCF
:109C700008BD00BF6814002008B5024800F044FA8F
:109C800008BD00BF7016002008B5024801F080FA38
:109C900008BD00BF0016002008B5024801F078FAA0
:109CA00008BD00BF0016002008B5024801F070FA98
:109CB00008BD00BF0016002008B5024803F0C0FD33
:109CC00008BD00BFB014002008B5FCF7D5F8024865
:109CD00003F0F3F808BD00BF3415002001207047E1
:109CE00008B505F099F8162303604FF0FF3008BD62
:109CF00008B54FF0FF31FFF7F3FFFEE770B50C46F4
:109D00001646002506E0AFF30080214601F8010B5E
:109D100001350C46B542F6DB304670BD70B50C46D9
:109D20001646002504E014F8010BAFF3008001355E
:109D3000B542F8DB304670BD4FF0FF3070474FF44E
:109D400000534B600020704701207047002070478F
:109D500010B503460C4A0D490D48006840B10C4847
:109D600000680344521A934206D8094A136010BD92
:109D70000748084C0460F2E705F04EF80C23036036
:109D80004FF0FF30F3E700BF0000012000040000A7
:109D900018170020901800200E4AD2F8883043F49B
:109DA0007003C2F888300C4B1A6842F001021A6046
:109DB000002199601A6822F0A85222F410221A6039
:109DC0004FF48052DA601A6822F480221A60996196
:109DD000704700BF00ED00E000100240DFF834D013
:109DE000FFF7DAFF002103E00B4B5B5843500431CF
:109DF0000A480B4B42189A42F6D30A4A02E0002363
:109E000042F8043B084B9A42F9D305F00BF8FFF7F0
:109E1000B7FBFEE7000001205C0B010800000020FA
:109E2000180200201802002090180020FEE7000011
:109E3000104B1B780BB90120704710B504464FF446
:109E40007A70B0FBF3F30C4A1068B0FBF3F001F04A
:109E50002FFB68B90F2C01D901200AE0002221460E
:109E60004FF0FF3001F010FB044B1C60002000E0BD
:109E7000012010BD500100204C01002054010020A1
:109E800010B5032001F0EEFA0020FFF7D1FF10B16A
:109E90000124204610BD0446FFF7C0FCF9E700008E
:109EA000034B1B78034A11680B441360704700BFD3
:109EB000500100201C170020014B1868704700BF9C
:109EC0001C17002010B430300B0A9B0003F00C0369
:109ED000C45801F01F014FF01F0C0CFA01FC24EADA
:109EE0000C0CC2F384628A404CEA0202C2505DF854
:109EF000044B704710B414304B0E9B0003F0040366
:109F0000C458C1F304514FF0070C0CFA01FC24EAC9
:109F10000C0C8A404CEA0202C2505DF8044B7047B8
:109F200030B583B000230193002800F0D8800446A8
:109F3000436D13B323689A6812F0005F05D09A68E6
:109F400022F0204222F03F029A602268936813F0C8
:109F5000805F1FD1936823F0104323F03F0343F049
:109F6000805393605F4B1B689B095F4AA2FB0323EE
:109F70009B0901335B00019309E0FFF767FC0023B5
:109F8000A36584F85030D5E7019B013B0193019B09
:109F9000002BF9D12268936813F0805F78D1636D4C
:109FA00043F010036365A36D43F00103A365012033
:109FB000936813F0040300D00123616D11F0100FBA
:109FC00040F08680002B40F08380636D23F4817322
:109FD00043F002036365936813F0010F0BD1434B09
:109FE0009B6813F0010F06D1636841498A6822F427
:109FF0007C1213438B60627E636B43EA4233E268F8
:10A000001343A268134394F8202043EA0243012A31
:10A0100040D0A26A22B102F47072E16A0A4313438B
:10A020002168CD68334A2A401A43CA6021688B6888
:10A0300013F0040300D001238A6812F0080200D054
:10A040000122B3B9AAB9237E94F83020520042EA23
:10A050008332CB6823F4804323F002031343CB60A5
:10A0600094F83830012B1AD02268136923F00103C9
:10A0700013612369012B22D02268136B23F00F0395
:10A080001363636D23F0030343F00103636524E06E
:10A0900000208DE7626A013A43EA4243B9E721684A
:10A0A0000B696FF38A03E26B256C2A43656C2A43C4
:10A0B000A56C2A43134343F001030B61D9E72168E0
:10A0C0000B6B23F00F03E269013A13430B63D8E7EC
:10A0D000636D43F010036365012003B030BD0120C0
:10A0E000FBE700BF4C010020632D3E05000004503B
:10A0F0000003045007C0F0FF704708B5806AFFF7FF
:10A10000FBFF08BD7047704770B5044603681E68C2
:10A110005D6816F0020F10D015F0020F0DD0436DE0
:10A1200013F0100F03D1436D43F4006343652046E1
:10A1300000F09FFD236802221A6016F0040F02D07F
:10A1400015F0040F05D116F0080F3AD015F0080FDE
:10A1500037D0636D13F0100F03D1636D43F40073B8
:10A1600063652368DA6812F4406F24D1DA6812F468
:10A17000005F20D11A6812F0080F1CD09A6812F004
:10A18000040F10D15A6822F00C025A60636D23F458
:10A1900080736365636D13F4805F0CD1636D43F06E
:10A1A0000103636507E0636D43F010036365A36D0E
:10A1B00043F00103A3652046FAF7FCFF23680C2255
:10A1C0001A6016F0200F02D015F0200F05D116F0FE
:10A1D000400F4CD015F0400F49D0636D13F0100FB5
:10A1E00003D1636D43F4005363652368DA6C12F0A6
:10A1F000C00F2AD10121DA6812F4406F27D1012063
:10A20000DA6871B312F0007F03D050B312F4005F2C
:10A2100027D1196811F0400F23D012F4001F20D16C
:10A220009A6812F0080F14D15A6822F060025A603E
:10A23000636D23F480536365636D13F4807F10D1E5
:10A24000636D43F0010363650BE00021D3E7002059
:10A25000D6E7636D43F010036365A36D43F001031C
:10A26000A365204600F001FD236860221A6016F005
:10A27000800F02D015F0800F2DD116F4807F02D010
:10A2800015F4807F32D116F4007F02D015F4007FE0
:10A2900038D116F0100F17D015F0100F14D0636BD3
:10A2A00023B12368DB6813F0010F0AD0636D43F418
:10A2B00080636365A36D43F00203A3652046FFF747
:10A2C00022FF236810221A6016F4806F02D015F462
:10A2D000806F23D170BD636D43F480336365204686
:10A2E000FFF710FF236880221A60C6E7636D43F40E
:10A2F00000336365204600F0BAFC23684FF4807297
:10A300001A60C0E7636D43F480236365204600F064
:10A31000AFFC23684FF400721A60BAE7636D43F430
:10A3200080436365A36D43F00803A36523684FF47E
:10A3300080621A60204600F099FCCBE708B503461E
:10A34000806A426D12F0500F30D1436D43F40073B8
:10A35000436503681A6812F0080F14D0DA6812F423
:10A36000406F20D1DB6813F4005F1CD1436D23F4F0
:10A3700080734365436D13F4805F14D1436D43F0E4
:10A38000010343650FE0DB6813F0020F0BD1436D4F
:10A3900023F480734365436D13F4805F03D1436DF1
:10A3A00043F001034365FAF705FF08BD426D12F063
:10A3B000100F04D1C26C526B18469047F5E7FFF7B7
:10A3C000A2FEF2E708B5806A436D43F0400343659F
:10A3D000836D43F004038365FFF795FE08BD00001D
:10A3E000F0B583B00023019390F85030012B00F0BA
:10A3F0000A8204460D46012380F8503003689B68AA
:10A4000013F0040F09D0436D43F02003436501208E
:10A41000002384F8503003B0F0BD4B68052B08D8FA
:10A42000023B032B56D8DFE803F0024B4E510C23BE
:10A430004B602A6869682068FFF744FD20688368DC
:10A4400013F0040300D00123826812F0080200D048
:10A4500001220BB9002A40D02268936813F0010F43
:10A4600017D12B68E868D2F8B010C3F3120621EABE
:10A47000060100F0180CAA4820FA0CF00340C3F3C0
:10A4800012030B43C2F8B030EA68A64B9A4200F0C0
:10A49000A9802B68A44A134200F0B181A34A9268B4
:10A4A00002F0E070A2498B4200F05B81A1498B422F
:10A4B00000F07E81A0498B4200F08E810020A7E74A
:10A4C00012234B60B5E718234B60B2E74FF480735B
:10A4D0004B60AEE706234B60ABE7AA682968FFF73D
:10A4E00009FD69692268D368C3F3C1035B00994021
:10A4F000286904280ED02E68603252F820708F4BE5
:10A500003B4006F0F84631430B4343F0004342F82A
:10A510002030A1E7136E116EC1F384612B68C3F381
:10A52000120080BBC3F38463994234D021684B6E20
:10A530004A6EC2F384622B68C3F3120080BBC3F37C
:10A5400084639A4234D021688B6E8A6EC2F384622F
:10A550002B68C3F3120080BBC3F384639A4234D0E8
:10A560002168CB6ECA6EC2F384622B68C3F31200FB
:10A5700080BBC3F384639A427FF46EAFCB6E23F04B
:10A580000043CB6668E793FAA3F313B1B3FA83F3FE
:10A59000CAE72023C8E7136E23F000431366C5E71C
:10A5A00093FAA3F313B1B3FA83F3CAE72023C8E7FE
:10A5B0004B6E23F000434B66C5E793FAA3F313B148
:10A5C000B3FA83F3CAE72023C8E78B6E23F0004376
:10A5D0008B66C5E793FAA3F313B1B3FA83F3CAE723
:10A5E0002023C8E720682B68C3F312063EBB9A0EEF
:10A5F000013202F01F02092A8CBF00220122002A28
:10A6000055D05EBB990E0131890601F0F8418EBB31
:10A610004FEA936C0CF1010C0CF01F0C012202FAB2
:10A620000CF21143AEBB9B0E013303F01F0303EB8F
:10A6300043031B051943AA68FFF75CFC29E793FA5B
:10A64000A3F24AB1B2FA82F2013202F01F02092AE1
:10A650008CBF00220122D2E72022F5E793FAA3F172
:10A6600031B1B1FA81F10131890601F0F841CEE74B
:10A670002021F8E793FAA3F24AB1B2FA82F201324A
:10A6800002F01F024FF0010C0CFA02F2C9E720227F
:10A69000F5E793FAA3F343B1B3FA83F3013303F07D
:10A6A0001F0303EB43031B05C4E72023F6E7E6B9CA
:10A6B000990E0131890601F0F84116BB4FEA936CFF
:10A6C0000CF1010C0CF01F0C012202FA0CF21143E8
:10A6D000B6BB9B0E013303F01F0303EB43031E3B8A
:10A6E0001B0543F000731943A5E793FAA3F131B1B9
:10A6F000B1FA81F10131890601F0F841DDE720214D
:10A70000F8E793FAA3F24AB1B2FA82F2013202F008
:10A710001F024FF0010C0CFA02F2D8E72022F5E7F5
:10A72000FFFF070000007F40000008800003045086
:10A73000000052C7000084CB0100008000F0FF033E
:10A7400093FAA3F35BB1B3FA83F3013303F01F036E
:10A7500003EB43031E3B1B0543F00073C3E72023B9
:10A76000F3E712F4000F7FF4A1AE2268274B9A4260
:10A7700001D000204CE640F4000325498A6822F00D
:10A78000E07213438B60234B1B689B09224AA2FB98
:10A7900003239B09013303EB43039B00019302E076
:10A7A000019B013B0193019B002BF9D100202FE677
:10A7B00012F0807F7FF47EAE2268144B9A4201D063
:10A7C000002025E640F0807311498A6822F0E0728B
:10A7D00013438B6000201BE612F4800F11D1226816
:10A7E0000A4B9A4201D0002012E640F48003084947
:10A7F0008A6822F0E07213438B60002008E6002094
:10A8000006E6002004E6022005E600BF0000045032
:10A81000000304504C010020632D3E0570B5044632
:10A8200003689A6812F0040200D00122986810F0C0
:10A83000080000D001200AB900286DD0DA6812F0B3
:10A84000007F04D0208B40F2011290424ED00229AA
:10A8500012D023689A6812F0040F0BD09A6812F095
:10A86000020F07D19A6822F0004222F03F0242F024
:10A8700010029A60012947D023689A6812F0080FE5
:10A880000BD09A6812F0020F07D19A6822F00042AA
:10A8900022F03F0242F020029A60022936D00329BA
:10A8A00036D10C25FFF708FB064623689B682B4230
:10A8B00030D0FFF701FB801B0528F6D923689B6881
:10A8C0002B42F2D0636D43F010036365A36D43F038
:10A8D0000103A36501201EE0636D43F0100363656F
:10A8E000A36D43F00103A365012014E00022196861
:10A8F00011F0400F04D109498A42EDD80132F6E740
:10A9000040221A600121A4E70425CBE70825C9E706
:10A910000425C7E7002070BD0020FCE7FFFF3FA330
:10A9200030B583B00023019303689A6812F0010FD9
:10A9300058D1044699682D4A114219D19A6822F0DB
:10A94000004222F03F0242F001029A60284B9B68CD
:10A9500013F4000F1CD0274B1B689B09264AA2FB4F
:10A9600003239B09013303EB43039B0001930CE09A
:10A97000436D43F010034365836D43F0010383652A
:10A98000012030E0019B013B0193019B002BF9D199
:10A99000FFF792FA054623681A6812F0010F1FD1DB
:10A9A0009A6812F0010F07D19A6822F0004222F053
:10A9B0003F0242F001029A60FFF77EFA431B022B2E
:10A9C000E9D923681B6813F0010FE4D1636D43F0EC
:10A9D00010036365A36D43F00103A365012002E04A
:10A9E000002000E0002003B030BD00BF3F00008029
:10A9F000000304504C010020632D3E0570B5044651
:10AA00000068806810F0040F4ED10E46154694F889
:10AA10005030012B4AD0012384F850302046FFF7F4
:10AA20007FFF00283CD1636D23F4706323F00103A2
:10AA300043F480736365636D13F4805F2DD0A36D61
:10AA400023F00603A365E36C194ADA62E36C194A42
:10AA50001A63E36C184A5A6323681C221A600023A5
:10AA600084F850302268536843F010035360226822
:10AA7000D36843F00103D36021682B46324640314E
:10AA8000E06C00F0C5FD2268936823F0004323F0DA
:10AA90003F0343F00403936007E00023A365D2E77C
:10AAA000002384F8503000E0022070BD0220FCE753
:10AAB0003DA30008FBA00008C5A3000838B5044664
:10AAC0000268936813F0020300D00123916811F02B
:10AAD000010F39D0002B39D1936803F00D03012BFE
:10AAE00009D0636D43F010036365A36D43F0010368
:10AAF000A365012029E0936823F0004323F03F037E
:10AB000043F002039360236803221A60FFF7D4F92D
:10AB1000054623689B6813F0010F13D0FFF7CCF9AB
:10AB2000401B0228F5D923689B6813F0010FF0D071
:10AB3000636D43F010036365A36D43F00103A365E8
:10AB4000012002E0002000E0002038BD0020FCE7EA
:10AB500038B590F85030012B39D00446012380F8E5
:10AB600050300321FFF75AFE0546E8B92268D36842
:10AB700023F00103D360E06C90F82530DBB2022BA8
:10AB800017D02268536823F010035360DDB92046C4
:10AB9000FFF794FF05463DB9636D23F4885323F016
:10ABA000010343F001036365002384F85030284615
:10ABB00038BD00F068FD05460028E2D0636D43F023
:10ABC00040036365DDE72046FFF778FFE3E70225F2
:10ABD000EDE730B583B00023019390F85030012B9E
:10ABE00041D004460D46012380F85030FFF766FF40
:10ABF00080BB636D23F4885323F0020343F0020308
:10AC000063652268936823F0404323F03F0305F017
:10AC100080452B4343F00043936023689B68002BDF
:10AC200006DB636D23F0030343F00103636515E066
:10AC3000019B01330193019BB3F5912FEDD3636D1C
:10AC400023F0120343F010036365002384F85030AF
:10AC5000012006E0636D43F010036365002384F870
:10AC6000503003B030BD0220FBE77047704770479B
:10AC700070477047002800F0A18038B5044690F86E
:10AC80002030D3B12268136843F001031360FFF74B
:10AC900013F9054623685A6812F0010F10D1FFF727
:10ACA0000BF9401B0A28F5D9636A43F40033636249
:10ACB000052384F82030012038BDFEF757FEE1E778
:10ACC0001A6822F002021A60FFF7F6F805462368B8
:10ACD0005A6812F0020F0DD0FFF7EEF8401B0A2859
:10ACE000F5D9636A43F400336362052384F82030A6
:10ACF0000120E1E7227E012A3DD01A6822F080027D
:10AD00001A60637E012B3BD02268136823F0400356
:10AD10001360A37E012B39D02268136823F020032F
:10AD20001360E37E012B37D02268136843F01003D1
:10AD30001360237F012B35D02268136823F00803AA
:10AD40001360637F012B33D02268136823F0040360
:10AD50001360A368E26813432269134362691343D3
:10AD60006268013A21681343CB61002060620123CD
:10AD700084F82030A0E71A6842F080021A60C0E729
:10AD80002268136843F040031360C2E72268136827
:10AD900043F020031360C4E72268136823F0100314
:10ADA0001360C6E72268136843F008031360C8E71E
:10ADB0002268136843F004031360CAE70120704758
:10ADC000026890F82030013BDBB2012B05D9436AC1
:10ADD00043F4802343620120704730B4D2F800323C
:10ADE00043F00103C2F800324B6903F01F03012056
:10ADF00000FA03F3D2F81C026FEA030C20EA030006
:10AE0000C2F81C02C869B0B9D2F80C020CEA000002
:10AE1000C2F80C028C884869CD6844EA0544483081
:10AE200042F830400C8848698D6844EA054448304F
:10AE300002EBC0004460C86901281BD0886980BB50
:10AE4000D2F804020CEA0000C2F80402086970BBE0
:10AE5000D2F814020CEA0000C2F81402096A0129AF
:10AE60002BD0D2F8003223F00103C2F800320020C8
:10AE700030BC7047D2F80C021843C2F80C028C8820
:10AE800048690D6844EA0544483042F830408C89EE
:10AE900048698D6844EA0544483002EBC0004460CC
:10AEA000CCE7D2F804021843C2F80402CEE7D2F885
:10AEB00014021843C2F81402D0E7D2F81C120B4354
:10AEC000C2F81C32CDE770B5044690F82050EDB2C0
:10AED000012D06D0436A43F400234362012528462E
:10AEE00070BD022380F820300268136823F001034C
:10AEF0001360FEF7E1FF064623685B6813F0010F5D
:10AF00000CD0FEF7D9FF831B0A2BF5D9636A43F4F3
:10AF100000336362052384F82030E0E70025656292
:10AF2000DDE730B590F820C00468A4680CF1FF3C60
:10AF30005FFA8CFCBCF1010F62D814F0E05F59D0CD
:10AF4000C4F3016C012404FA0CF41C608B68002B20
:10AF50003DD10D68CB68046843EA45550CF11803F0
:10AF60001B01E55003680C690CF1180E03EB0E137E
:10AF70005C600B7D012B35D0D17993791B0443EABA
:10AF80000163517943EA012314790168234301EBFA
:10AF90000C11C1F88C31D17893781B0443EA01631A
:10AFA000517843EA0123117802680B4302EB0C123B
:10AFB000C2F8883102680CF1180C4FEA0C1C52F8E8
:10AFC0000C3043F0010342F80C3000201DE04C68C7
:10AFD00043EAC403CC6823430CF118042401056838
:10AFE0002B51BFE7036803EB0E13596841F48071DE
:10AFF0005960C1E7436A43F400134362012004E04F
:10B00000436A43F480234362012030BD90F820C09E
:10B010000CF1FF3C5FFA8CFCBCF1010F00F2958053
:10B0200030B451B90468E46814F0030F10D1436AD6
:10B0300043F400134362012077E00468246914F0AC
:10B04000030F05D1436A43F40013436201206CE00F
:10B0500001F11B04240105682C5904F004049460D8
:10B06000002C64D101F11B04240105682C59640DE6
:10B070001460046801F11B0C4FEA0C1C54F80C40DE
:10B0800004F00204D46004686444646804F00F04AB
:10B090001461046864446468C4F307249461046818
:10B0A00064446468240C5461026802EB0112D2F813
:10B0B000B8211A70026802EB0112D2F8B821C2F36B
:10B0C00007225A70026802EB0112D2F8B821C2F3CB
:10B0D00007429A70026802EB0112D2F8B821120EF0
:10B0E000DA70026802EB0112D2F8BC211A71026810
:10B0F00002EB0112D2F8BC21C2F307225A71026896
:10B1000002EB0112D2F8BC21C2F307429A71026825
:10B1100002EB0112D2F8BC21120EDA7179B9026881
:10B12000D36843F02003D360002030BC704701F1A6
:10B130001B04240105682C59E408546099E702684F
:10B14000136943F020031361EEE7436A43F480235D
:10B1500043620120704790F82030013BDBB2012BA5
:10B1600005D9436A43F48023436201207047026893
:10B1700053690B4353610020704770477047704715
:10B180007047704770477047704770477047704707
:10B190002DE9F84F054603685C69D3F804809F6881
:10B1A000D3F80CA0D3F81090D3F818B014F001061F
:10B1B0003BD017F0010616D001229A6017F0020F5B
:10B1C00008D117F0040F0CD117F0080606D04FF481
:10B1D000805608E0FFF7D1FF002604E0FFF7D0FF1C
:10B1E00001E04FF4006617F4807F0DD02B684FF418
:10B1F00080729A6017F4007F40F0968017F4806F99
:10B2000000F0968046F4005617F4803F0DD02B686E
:10B210004FF480329A6017F4003F40F0938017F4A7
:10B22000802F00F0938046F4004614F0080F07D0FA
:10B230001AF0100F04D046F400762B681022DA6062
:10B2400014F0040F03D01AF0080F40F0898014F0B6
:10B25000020F05D02B68DB6813F0030F40F08780E6
:10B2600014F0400F07D019F0100F04D046F4806698
:10B270002B6810221A6114F0200F02D019F0080F69
:10B2800079D114F0100F04D02B681B6913F0030F51
:10B2900078D114F4003F02D018F0100F76D114F4D6
:10B2A000803F02D018F0080F77D114F4004F37D048
:10B2B00018F0040F31D014F4807F04D01BF0010F7C
:10B2C00001D046F0010614F4007F04D01BF0020FF9
:10B2D00001D046F0020614F4806F04D01BF0040F76
:10B2E00001D046F0040614F4006F16D01BF0700B6A
:10B2F00013D0BBF1400F66D056D8BBF1200F5CD005
:10B30000BBF1300F5CD0BBF1100F01D146F0080645
:10B310002A68936923F0700393612B6804225A60B2
:10B32000002E56D1BDE8F88F2846FFF727FF6BE7C0
:10B3300017F4006F02D046F4804665E72846FFF711
:10B3400020FF61E72846FFF71AFF6EE717F4002F8A
:10B3500002D046F4803668E72846FFF713FF64E71B
:10B360002B680822DA602846FFF70DFF6FE72846B2
:10B37000FAF7D0FA74E72B6808221A612846FFF71B
:10B3800003FF7EE72846FAF7DBFA82E72B681022F4
:10B390005A602846FFF7F9FE81E72B6808225A60B9
:10B3A0002846FFF7F3FE80E7BBF1500F0ED0BBF14C
:10B3B000600FADD146F48076AAE746F01006A7E705
:10B3C00046F02006A4E746F04006A1E746F08006D6
:10B3D0009EE76B6A33436B622846FFF7D8FEA1E70E
:10B3E000002807DB00F01F02400901239340024AB6
:10B3F00042F82030704700BF00E100E0002808DB81
:10B400000901C9B200F1604000F5614080F8001305
:10B41000704700F00F000901C9B2014B1954704781
:10B4200014ED00E000B500F00700C0F1070CBCF11E
:10B43000040F28BF4FF0040C031D062B0FD9C31EA9
:10B440004FF0FF3E0EFA0CF021EA000199400EFA8F
:10B4500003FE22EA0E0241EA02005DF804FB00232B
:10B46000EEE70000074AD36823F4E0631B041B0CDB
:10B47000000200F4E060034343F0BF6343F4003391
:10B48000D360704700ED00E010B50446054BD86866
:10B49000C0F30220FFF7C6FF01462046FFF7AEFFCC
:10B4A00010BD00BF00ED00E008B5FFF799FF08BD33
:10B4B0000138B0F1807F0BD24FF0E0235861054A8C
:10B4C000F02182F823100020986107221A6170474A
:10B4D0000120704700ED00E030B4446C04F01C0C17
:10B4E000012404FA0CF4056C6C60046863608368E2
:10B4F000102B05D0036899600368DA6030BC704790
:10B5000003689A600368D960F8E70000002871D0EA
:10B5100010B403460168384A914248D8374A0A4471
:10B520003748A0FB0202120992005A64354A1A6495
:10B53000022283F8252008686FF30E109A68DC68F1
:10B5400022431C6922435C6922439C692243DC69D3
:10B5500022431C6A224302430A609A68B2F5804F74
:10B560001BD0196C274A91422CD0264AD2F8A81435
:10B57000586C00F01C0C0F2000FA0CF021EA0001BE
:10B58000C2F8A814D2F8A81458685C6C04F01C0C1B
:10B5900000FA0CF00143C2F8A8140020D86301227D
:10B5A00083F8252083F824005DF8044B7047164A81
:10B5B0000A441348A0FB0202120992005A64134A7B
:10B5C0001A64B5E7D2F8A810586C00F01C0C0F20D4
:10B5D00000FA0CF021EA0001C2F8A810D2F8A81075
:10B5E00058685C6C04F01C0C00FA0CF00143C2F8C3
:10B5F000A810D2E70120704707040240F8FFFDBF02
:10B60000CDCCCCCC00000240F8FBFDBF00040240D2
:10B6100038B5044690F82400012832D0012084F87F
:10B62000240094F82500C0B2012804D0002384F837
:10B630002430022038BD022084F825000020E06379
:10B640002568286820F0010028602046FFF744FFA5
:10B65000236B5BB12268136843F00E03136022680A
:10B66000136843F0010313600020E3E722681368C6
:10B6700023F0040313602268136843F00A03136085
:10B68000EDE70220D6E790F82530DBB2022B06D09A
:10B690000423C363002380F824300120704702682C
:10B6A000136823F00E0313600268136823F001038C
:10B6B0001360436C03F01C03016C012202FA03F3D4
:10B6C0004B6080F82520002380F82430184670470E
:10B6D00008B590F82530DBB2022B03D00423C363F6
:10B6E000012008BD0268136823F00E03136002688E
:10B6F000136823F001031360436C03F01C03016C17
:10B70000012202FA03F34B6080F82520002380F821
:10B710002430836B13B198470020E2E70020E0E774
:10B7200038B5036C196804682568436C03F01C0382
:10B7300004229A400A4215D015F0040F12D0236853
:10B7400013F0200F03D1236823F004032360436C1C
:10B7500003F01C02016C042393404B60036B03B1A4
:10B76000984738BD02229A400A421CD015F0020FB9
:10B7700019D0236813F0200F06D1236823F00A03A1
:10B780002360012380F82530436C03F01C02016C18
:10B79000022393404B60002380F82430C36A002BBF
:10B7A000DFD09847DDE7082202FA03F30B42D8D036
:10B7B00015F0080FD5D0236823F00E032360436CE7
:10B7C00003F01C03016C012202FA03F34B60C26315
:10B7D00080F82520002380F82430436B002BC0D054
:10B7E0009847BEE7F0B583B0002362E085685E004D
:10B7F0000324B44025EA0405CC68B4402C4384609B
:10B80000456825EA0C054C68C4F300149C402C43A1
:10B8100044605FE0DD08083550F8254003F0070C70
:10B820004FEA8C0C4FF00F0E0EFA0CFE24EA0E0EAF
:10B830000C6904FA0CF444EA0E0440F8254060E078
:10B84000042400E0002404FA0EF42C430CF1020C52
:10B85000524D45F82C40524CA568D44325EA0206C7
:10B860004F6817F4801F01D042EA05064C4DAE60C8
:10B87000ED6804EA05064F6817F4001F01D042EA9C
:10B880000506474DEE606D6804EA05064F6817F43B
:10B89000003F01D042EA0506414D6E602D682C4004
:10B8A0004E6816F4803F01D042EA05043C4A146019
:10B8B00001330A6832FA03F46ED04FF0010C0CFA2F
:10B8C00003FC1CEA0202F3D04C6804F00304013CC0
:10B8D000012C8BD94C6804F00304032C0CD0C468F1
:10B8E0005D004FF0030C0CFA05FC24EA0C0C8C688C
:10B8F000AC4044EA0C04C4604C6804F00304022C1D
:10B9000088D004684FEA430E4FF0030C0CFA0EFC8B
:10B9100024EA0C0C4C6804F0030404FA0EF444EA24
:10B920000C0404604C6814F4403FC1D01D4C256EDB
:10B9300045F001052566246E04F001040194019C84
:10B940004FEA930C0CF10205144C54F8255003F007
:10B95000030E4FEA8E0E0F2404FA0EF425EA0405B6
:10B96000B0F1904F3FF46EAF0F4CA0420ED004F5F3
:10B970008064A0420CD004F58064A0420AD004F593
:10B980008064A0423FF45CAF07245CE701245AE7DF
:10B99000022458E7032456E703B0F0BD000001403D
:10B9A00000040140001002400004004803691942ED
:10B9B00001D001207047002070470AB181617047B3
:10B9C00081627047436901EA030221EA030141EA07
:10B9D000024181617047000008B5054B5B69034275
:10B9E00000D108BD024B5861FBF7ECFBF9E700BF43
:10B9F0000004014000282FD038B5044603684CF6F7
:10BA0000CC421A60036845F255521A6003684268D6
:10BA10005A60036882689A60FEF74EFA054623680A
:10BA2000DA6812F0070F0BD0FEF746FA401B3128F8
:10BA3000F5D92368DB6813F0070FF0D0032005E089
:10BA40001969E268914202D01A61002038BD4AF6B5
:10BA5000AA221A600020F9E70120704703684AF61D
:10BA6000AA221A6000207047024B186800F4C060D8
:10BA7000704700BF00700040B0F5007F0FD01F4B33
:10BA80001B6803F4C063B3F5806F34D01B4A13689E
:10BA900023F4C06343F48063136000207047174BA6
:10BAA0001B6803F4C063B3F5007F20D0134A13680A
:10BAB00023F4C06343F400731360114B1B683222FC
:10BAC00002FB03F30F4AA2FB03239B0C013300E0AC
:10BAD000013B0A4A526912F4806F01D0002BF7D162
:10BAE000064B5B6913F4806F03D100207047002080
:10BAF0007047032070470020704700BF007000406F
:10BB00004C01002083DE1B4330B583B00446204B3C
:10BB10009B6D13F0805F0BD0FFF7A6FFB0F5007FA1
:10BB200017D0802C1FD82DD0702C2DD000211BE0D9
:10BB3000174DAB6D43F08053AB65AB6D03F0805395
:10BB40000193019BFFF790FFAB6D23F08053AB6532
:10BB5000E4E7802C03D9A02C03D9022104E00021C2
:10BB600002E0012100E003210A4A136823F00703E1
:10BB70000B431360136803F007038B4206D10020C8
:10BB800003B030BD0221EFE70121EDE70120F7E727
:10BB90000010024000200240254A9368D26802F05B
:10BBA000030213F00C0309D00C2B05D0042B3BD05F
:10BBB000082B3BD000200FE0012AF7D11C4A126865
:10BBC00012F0080F0CD11A4AD2F89420C2F30322C3
:10BBD000184951F8220013B10C2B06D000207047F1
:10BBE000134A1268C2F30312F2E7114BDB6803F049
:10BBF0000303022B16D0032B00D10F480C49CA684F
:10BC0000C2F302120132CB68C3F3062300FB03F335
:10BC1000B3FBF2F3C868C0F3416001304000B3FBEE
:10BC2000F0F070470548E9E704487047024870475C
:10BC3000001002405808010800127A000024F400A5
:10BC4000002800F01C83F0B583B00446964B9D6835
:10BC500005F00C05DE6806F00306036813F0100F0C
:10BC60005AD0E5B10C2D18D0A369002B00F0BB8091
:10BC70008D4A136843F001031360FEF71DF9074670
:10BC8000894B1B6813F0020F40F09A80FEF714F9FD
:10BC9000C01B0228F4D90320FCE2012EE4D1824B20
:10BCA0001B6813F0020F03D0A369002B00F0E98298
:10BCB000206A7D4B1B6813F0080F5BD07A4B1B6822
:10BCC00003F0F00398425CD8774B1A6842F0080200
:10BCD0001A601A6822F0F002216A0A431A605A6850
:10BCE00022F47F42E16942EA01225A60002D60D0CD
:10BCF000FFF752FF6C4B9B68C3F303136B4AD35C93
:10BD000003F01F03D8406A4B18606A4B1868FEF7AF
:10BD10008FF8002840F0BE82236813F0010F00F076
:10BD20008180082D75D00C2D71D06368B3F5803FEC
:10BD300000F09780B3F5A02F00F099805A4B1A6855
:10BD400022F480321A601A6822F480221A60636832
:10BD5000002B00F09980FEF7AFF80746524B1B68A6
:10BD600013F4003F5ED1FEF7A7F8C01B6428F5D995
:10BD700003208FE24C4BD3F894301B0903F0F003FF
:10BD8000A0E7FFF7C1FE002840F07D82464B1A680D
:10BD900042F008021A601A6822F0F002216A0A438F
:10BDA0001A605A6822F47F42E16942EA01225A602D
:10BDB0009EE7206AFFF7A8FE002899D0012069E2DB
:10BDC000394B1A6842F008021A601A6822F0F00231
:10BDD000216A0A431A605A6822F47F42E16942EA02
:10BDE00001225A6098E7304A136823F00103136078
:10BDF000FEF762F807462C4B1B6813F0020F8BD03E
:10BE0000FEF75AF8C01B0228F5D9032042E2032EA0
:10BE10008BD1254B1B6813F4003F03D06368002BC4
:10BE200000F03382236813F0020F58D0042D45D060
:10BE30000C2D41D0E368002B77D01B4A136843F4E4
:10BE400080731360FEF738F80646174B1B6813F42F
:10BE5000806F61D1FEF730F8801B0228F5D90320EE
:10BE600018E2114A136843F4803313606FE703F15B
:10BE70008043A3F53C331A6842F480221A601A68A2
:10BE800042F480321A6062E7FEF716F80746064B66
:10BE90001B6813F4003FC5D0FEF70EF8C01B6428E2
:10BEA000F5D90320F6E100BF001002409008010818
:10BEB0004C01002054010020022EBBD1A44B1B6872
:10BEC00013F4806F03D0E368002B00F0E081A04AF8
:10BED000536823F0F853216943EA016353602368F0
:10BEE00013F0080F4CD063699BB3994AD2F8943091
:10BEF00043F00103C2F89430FDF7DEFF0646944B91
:10BF0000D3F8943013F0020F3AD1FDF7D5FF801B20
:10BF10000228F4D90320BDE18D4A536823F0F85379
:10BF2000216943EA01635360D9E7894A136823F41E
:10BF300080731360FDF7C0FF0646854B1B6813F442
:10BF4000806FCCD0FDF7B8FF801B0228F5D9032005
:10BF5000A0E17F4AD2F8943023F00103C2F8943074
:10BF6000FDF7AAFF06467A4BD3F8943013F0020F80
:10BF700006D0FDF7A1FF801B0228F4D9032089E138
:10BF8000236813F0040F7AD0714B9B6D13F0805F20
:10BF900036D16F4B9A6D42F080529A659B6D03F0DB
:10BFA00080530193019B01266A4B1B6813F4807F29
:10BFB00028D0A368012B39D0052B3FD0644BD3F890
:10BFC000902022F00102C3F89020D3F8902022F0B4
:10BFD0000402C3F89020A368002B3DD0FDF76CFF4E
:10BFE00007465B4BD3F8903013F0020F46D1FDF7B4
:10BFF00063FFC01B41F288339842F2D9032049E124
:10C000000026D1E7534A136843F480731360FDF7A9
:10C0100053FF07464F4B1B6813F4807FC9D1FDF7D0
:10C020004BFFC01B0228F5D9032033E1484AD2F860
:10C03000903043F00103C2F89030CCE7444BD3F882
:10C04000902042F00402C3F89020D3F8902042F0F0
:10C050000102C3F89020BEE7FDF72EFF07463C4BD8
:10C06000D3F8903013F0020F08D0FDF725FFC01B66
:10C0700041F288339842F2D903200BE1E6B92368F4
:10C0800013F0200F35D0636AE3B1314AD2F898300B
:10C0900043F00103C2F89830FDF70EFF06462C4B23
:10C0A000D3F8983013F0020F23D1FDF705FF801B62
:10C0B0000228F4D90320EDE0254A936D23F0805344
:10C0C0009365DCE7224AD2F8983023F00103C2F8E6
:10C0D0009830FDF7F1FE06461D4BD3F8983013F06B
:10C0E000020F06D0FDF7E8FE801B0228F4D90320DA
:10C0F000D0E0A36A002B00F0CC80022B17D00C2DCF
:10C1000000F0CC80124A136823F080731360FDF7AF
:10C11000D3FE04460E4B1B6813F0007F00F0A8808E
:10C12000FDF7CAFE001B0228F4D90320B2E0084B39
:10C13000DB6803F00301E26A91420DD00C2D00F0A0
:10C14000AB80034B1B6813F0806F2FD00120A1E060
:10C15000001002400070004003F07002216B0139B2
:10C16000B2EB011FEAD103F4FE42616BB2EB012F87
:10C17000E4D103F07842A16BB2EBC16FDED103F4DE
:10C18000C001E26B5208013AB1EB425FD6D103F035
:10C19000C063226C5208013AB3EB426FCED1404BE0
:10C1A0001B6813F0007F49D0002073E03C4A1368FD
:10C1B00023F080731360FDF77FFE0546384B1B6844
:10C1C00013F0007F06D0FDF777FE401B0228F5D95B
:10C1D00003205FE0324AD36832491940E36A206B9A
:10C1E000013843EA0013606B43EA0023E06B400828
:10C1F000013843EA4053206C4008013843EA406369
:10C20000A06B43EAC0631943D160136843F08073A5
:10C210001360D36843F08073D360FDF74DFE04468E
:10C220001F4B1B6813F0007F06D1FDF745FE001B76
:10C230000228F5D903202DE000202BE0184B1A68C6
:10C2400042F080721A60DA6842F08072DA60FDF7BC
:10C2500033FE0446124B1B6813F0007F06D1FDF736
:10C260002BFE031B022BF5D9032013E0002011E065
:10C270000B4AD1680C4B0B40D36000200AE0012030
:10C280007047012006E0012004E0012002E00120C7
:10C2900000E0002003B0F0BD0120FBE70120F9E73A
:10C2A000001002408C809D01FCFFEEFE002800F093
:10C2B000AF8070B50D460446594B1B6803F0070369
:10C2C0008B420BD2564A136823F007030B431360CB
:10C2D000136803F007038B4240F09C80236813F03F
:10C2E000020F0CD0A2684F4B9B6803F0F0039A42F8
:10C2F00005D94C498B6823F0F0031A438A60236800
:10C3000013F0010F39D06368032B09D0022B26D01C
:10C3100063BB444A126812F0020F06D1012076E096
:10C32000404A126812F0007F76D03E498A6822F0B7
:10C33000030213438B60FDF7BFFD0646394B9B6834
:10C3400003F00C036268B3EB820F16D0FDF7B4FD67
:10C35000801B41F288339842F0D9032057E0314ADC
:10C36000126812F4003FE0D1012050E02D4A12681B
:10C3700012F4806FD9D1012049E0236813F0020F35
:10C380000CD0A268274B9B6803F0F0039A4205D2B9
:10C3900024498B6823F0F0031A438A60204B1B6802
:10C3A00003F00703AB420AD91D4A136823F00703C1
:10C3B0002B431360136803F00703AB422ED12368AD
:10C3C00013F0040F06D0174A936823F4E063E16882
:10C3D0000B439360236813F0080F07D0114A93684A
:10C3E00023F46053216943EAC1039360FFF7D4FB50
:10C3F0000C4B9B68C3F303130B4AD35C03F01F037E
:10C40000D8400A4B18600A4B1868FDF711FD70BD43
:10C41000012070470120FAE70120F8E70120F6E744
:10C420000020024000100240900801084C0100204A
:10C4300054010020014B1868704700BF4C010020D8
:10C4400008B5FFF7F7FF054B9B68C3F30223044AC7
:10C45000D35C03F01F03D84008BD00BF00100240AA
:10C460008808010808B5FFF7E5FF054B9B68C3F393
:10C47000C223044AD35C03F01F03D84008BD00BFA9
:10C480000010024088080108F8B504460D46594BD3
:10C49000DB6813F0030F18D0564BDB6803F003037F
:10C4A0000268934202D001263046F8BD002A00F00F
:10C4B0009C80504BDB68C3F3021301334268934204
:10C4C00001D00126F0E7002619E00368022B55D0C1
:10C4D000032B5AD0012B40F08A80464A126812F092
:10C4E000020F5ED04348C26822F0730261680139CE
:10C4F00043EA01131343C3600026002ED4D13D4A02
:10C50000136823F080631360FDF7D6FC0746394BB0
:10C510001B6813F0006F05D0FDF7CEFCC31B022B88
:10C52000F5D90326002EBFD1002D3CD131490B692E
:10C5300023F0784323F4FE43A068E268D20642EA7F
:10C54000002213430B612B4A136843F0806313608E
:10C55000FDF7B2FC0546274B1B6813F0006F05D1B1
:10C56000FDF7AAFC401B0228F5D90326002E9BD11B
:10C57000204A1369A1690B43136195E71D4A1268AC
:10C5800012F4806FAED101268EE71A4A126812F4B7
:10C59000003FA7D1174A126812F4802FA2D10126BA
:10C5A00082E70126A9E7012D0FD01248026922F087
:10C5B000C06222F4FE42A16863695B08013B5B062E
:10C5C00043EA01231A430261BDE70A48026922F4E3
:10C5D000C00222F4FE42A16823695B08013B5B05AF
:10C5E00043EA01231A430261ADE701265CE7012615
:10C5F0005AE700BF001002402DE9F04182B0044626
:10C60000036813F4006F26D0436CB3F5000F06D017
:10C61000B3F5400F1DD09BB1012637461DE0B34A4C
:10C62000D36843F48033D3600027B04AD2F888300F
:10C6300023F44003616C0B43C2F8883000260CE001
:10C6400000210430FFF720FF07460028EDD0064602
:10C6500003E00027E9E700263746236813F4003F8C
:10C660006BD0A24B9B6D13F0805F4CD19F4B9A6DAA
:10C6700042F080529A659B6D03F080530193019BB9
:10C680004FF001089A4A136843F480731360FDF772
:10C6900013FC0546964B1B6813F4807F05D1FDF70C
:10C6A0000BFC401B0228F5D90327002F40D18F4BEC
:10C6B000D3F8903013F4407318D0A26D9A4212D080
:10C6C0008A4AD2F8903023F44073D2F8901041F4A3
:10C6D0008031C2F89010D2F8901021F48031C2F865
:10C6E0009010C2F8903013F0010F0FD1002F40F0DE
:10C6F000E3807E4AD2F8903023F44073A16D0B435F
:10C70000C2F8903015E04FF00008BBE7FDF7D4FB0E
:10C710000546764BD3F8903013F0020FE6D1FDF7C3
:10C72000CBFB401B41F288339842F2D90327DDE767
:10C730003E46B8F1000F40F0C180236813F0010FAE
:10C7400008D06A4AD2F8883023F00303216A0B43E9
:10C75000C2F88830236813F0020F08D0634AD2F879
:10C76000883023F00C03616A0B43C2F888302368D9
:10C7700013F0040F08D05D4AD2F8883023F030035C
:10C78000A16A0B43C2F88830236813F0200F08D049
:10C79000564AD2F8883023F44063E16A0B43C2F86A
:10C7A0008830236813F4007F08D0504AD2F88830CC
:10C7B00023F44023E16B0B43C2F88830236813F461
:10C7C000806F08D0494AD2F8883023F44013216C96
:10C7D0000B43C2F88830236813F0400F08D0434A57
:10C7E000D2F8883023F44053216B0B43C2F88830D1
:10C7F000236813F0800F08D03C4AD2F8883023F425
:10C800004043616B0B43C2F88830236813F4807F88
:10C8100008D0364AD2F8883023F44033A16B0B435A
:10C82000C2F88830236813F4002F0FD02F4AD2F8B3
:10C83000883023F04063A16C0B43C2F88830A36CAE
:10C84000B3F1006F40D0B3F1806F42D0236813F48E
:10C85000802F0FD0254AD2F8883023F04063E16C56
:10C860000B43C2F88830E36CB3F1006F39D0B3F1F9
:10C87000806F3FD0236813F4804F0CD01B4AD2F84E
:10C88000883023F04053216D0B43C2F88830236D6C
:10C89000B3F1805F36D0236813F4004F08D0134AF9
:10C8A000D2F8883023F08043616D0B43C2F88830A2
:10C8B000304602B0BDE8F0813E463AE70B4A936D40
:10C8C00023F08053936538E7D36843F48013D36033
:10C8D000BCE70121201DFFF7D7FD0028B6D0064692
:10C8E000B4E7D36843F48013D360C3E70010024079
:10C8F000007000400121201DFFF7C6FD0028B9D0BF
:10C900000646B7E70221201DFFF7BEFD0028C2D072
:10C910000646C0E738B504460268D36823F0A00392
:10C92000D360FDF7C9FA05462368DB6813F0200FD2
:10C9300007D1FDF7C1FA401BB0F57A7FF4D9032087
:10C9400000E0002038BD70B50368DA6812F0400FCF
:10C9500002D00025284670BD04464FF0FF32DA6051
:10C96000FDF7AAFA064600252368DB6813F0400F9E
:10C97000F0D1032DEED0FDF79FFA831BB3F57A7F3C
:10C98000F2D9032584F82150EEE7000010B50446E3
:10C99000104BDA6822F08002DA609B6813F0200FF7
:10C9A00006D1FFF7B7FF98B1032084F821000FE00C
:10C9B000084A936823F020039360FFF7ABFF10B1A0
:10C9C000032084F82100034A936843F02003936016
:10C9D00010BD00BF00280040002848D038B50446EC
:10C9E00090F821306BB1022384F821302368CA22E9
:10C9F0005A62236853225A622046FFF7A4FF28B1E7
:10CA000038BD80F82030FCF7FDFFECE72268936822
:10CA100023F4E00323F04003936021688A6863688D
:10CA200020690343A069034313438B602368E268D2
:10CA30001A6122681369A16843EA01431361204621
:10CA4000FFF7A4FF0028DBD12268D36C23F0030397
:10CA5000D3642168CB6CE26965692A431343CB64D4
:10CA60002368FF225A62012384F82130C8E701209D
:10CA70007047002302E001330A38C0B20928FAD80F
:10CA80001B01DBB21843704790F82030012B5FD0B8
:10CA900070B504460D461646012380F82030022367
:10CAA00080F821300368CA225A62036853225A620E
:10CAB000FFF749FF00282ED1002E37D123689B684D
:10CAC00013F0400F01D10023EB702878FFF7D1FF5E
:10CAD00006046878FFF7CDFF46EA0026A878FFF73E
:10CAE000C8FF46EA0003EA7843EA8253226803F06B
:10CAF0007F3323F0FE4313602268936823F480237E
:10CB0000936021688B68EA682869024313438B604D
:10CB10002046FFF73BFF2368FF225A6210B901232A
:10CB200084F82130002384F8203070BD23689B688E
:10CB300013F0400F01D10023EB702A786B781B02B1
:10CB400043EA0243AA781343EA7843EA8253CDE7E3
:10CB50000220704790F82030012B4BD070B504466E
:10CB60000E46012380F82030022380F82130F2B1F4
:10CB7000CB784D782D0245EA03458B781D430B7821
:10CB800045EA43352368CA225A62236853225A620F
:10CB90002046FFF7D8FE18B32368FF225A6210B967
:10CBA000012384F82130002384F8203070BD4B78B5
:10CBB00013F0100F03D003F0EF030A334B70F0783B
:10CBC000FFF757FF05047078FFF753FF45EA00258C
:10CBD000B078FFF74EFF0543337845EA4335D1E798
:10CBE000236825F07F4525F0C0055D602046FFF7EE
:10CBF000CDFED1E702207047030903EB830300F069
:10CC00000F0000EB4300C0B2704770B503689B6A29
:10CC10004B6003681B69C3F30E038B6003681B68DA
:10CC2000C3F305400870C3F306264E7003F07F057A
:10CC30008D70C3F38053CB705AB90C46FFF7DCFFFD
:10CC400020703046FFF7D8FF60702846FFF7D4FF0A
:10CC5000A070002070BD70B503685B68C3F3074027
:10CC6000C870C3F304264E7003F03F058D70C3F304
:10CC700042330B705AB90C46FFF7BEFFE0703046E6
:10CC8000FFF7BAFF60702846FFF7B6FFA0700020DC
:10CC900070BD82B0036850330193019B03EB8103A5
:10CCA0000193019B1A6002B070470368503353F838
:10CCB0002100704730B4036A23F001030362026A63
:10CCC0004468836923F4803323F073030D681D43A4
:10CCD00022F002028B681343144A904207D002F5F7
:10CCE000A052904203D002F58062904205D123F019
:10CCF0000803CA681A4322F004030C4A904207D082
:10CD000002F5A052904203D002F58062904205D114
:10CD100024F440744A6922438C6914434460856159
:10CD20004A684263036230BC704700BF002C014078
:10CD300030B4036A23F480730362036A4468C269EF
:10CD400022F4803222F073020D68154323F400733D
:10CD50008A6843EA0223104A904207D00F4A904261
:10CD60000BD002F5806290420FD106E023F40063FD
:10CD7000CA6843EA022323F4806324F440544A69D6
:10CD800044EA02148A6944EA02144460C5614A68AC
:10CD9000C263036230BC7047002C01400040014078
:10CDA00030B4036A23F480530362026A4468C3699F
:10CDB00023F0807323F4E6430D6843EA052322F44D
:10CDC00000528D6842EA05320B4DA84207D005F5A6
:10CDD000A055A84203D005F58065A84204D124F4EB
:10CDE00080444D6944EA85144460C3614B68036420
:10CDF000026230BC704700BF002C014030B4036AAF
:10CE000023F480330362036A4468426D22F4803263
:10CE100022F070020D682A4323F400338D6843EA40
:10CE200005430B4DA84207D005F5A055A84203D0F5
:10CE300005F58065A84204D124F480344D6944EAA4
:10CE40000524446042654A688265036230BC7047CD
:10CE5000002C014030B4036A23F480130362026A99
:10CE60004468436D23F0807323F4E0430D6843EA84
:10CE7000052322F400128D6842EA05520B4DA842A8
:10CE800007D005F5A055A84203D005F58065A84256
:10CE900004D124F480244D6944EA85244460436528
:10CEA0004B68C365026230BC704700BF002C014074
:10CEB0007047704770477047704710B50446036865
:10CEC0001A6912F0020F11D0DA6812F0020F0DD0B9
:10CED0006FF002021A610123037703689B6913F064
:10CEE000030F79D0FFF7E6FF0023237723681A6941
:10CEF00012F0040F12D0DA6812F0040F0ED06FF0A7
:10CF000004021A610223237723689B6913F4407F8C
:10CF100068D02046FFF7CEFF0023237723681A69E5
:10CF200012F0080F12D0DA6812F0080F0ED06FF06E
:10CF300008021A61042323772368DB6913F0030FC7
:10CF400057D02046FFF7B6FF0023237723681A69DE
:10CF500012F0100F12D0DA6812F0100F0ED06FF02E
:10CF600010021A61082323772368DB6913F4407FDA
:10CF700046D02046FFF79EFF0023237723681A69D7
:10CF800012F0010F03D0DA6812F0010F3FD12368CD
:10CF90001A6912F0800F03D0DA6812F0800F3DD1C9
:10CFA00023681A6912F4807F03D0DA6812F0800FC8
:10CFB0003BD123681A6912F0400F03D0DA6812F0EF
:10CFC000400F39D123681A6912F0200F03D0DA68B4
:10CFD00012F0200F37D110BDFFF76BFF2046FFF78F
:10CFE0006AFF81E72046FFF764FF2046FFF763FFF3
:10CFF00092E72046FFF75DFF2046FFF75CFFA3E7BF
:10D000002046FFF756FF2046FFF755FFB4E76FF0C5
:10D0100001021A612046FFF74BFFB8E76FF080026C
:10D020001A61204600F007FBBAE76FF480721A61BC
:10D03000204600F001FBBCE76FF040021A61204679
:10D04000FFF73AFFBEE76FF020021A61204600F0BA
:10D05000F1FAC0E703681A4A904202D0B0F1804F5B
:10D0600003D123F070034A681343154A90420AD053
:10D07000B0F1804F07D002F5A052904203D002F5E4
:10D080008062904203D123F44073CA68134323F0B3
:10D0900080034A69134303608B68C3620B68836231
:10D0A000074B984207D003F5A053984203D003F5ED
:10D0B0008063984201D10B69036301234361704788
:10D0C000002C014060B310B5044690F83D3013B316
:10D0D000022384F83D30214651F8040BFFF7BAFFD4
:10D0E000012384F8483084F83E3084F83F3084F8D7
:10D0F000403084F8413084F8423084F8433084F87A
:10D10000443084F8453084F8463084F8473084F859
:10D110003D30002010BD80F83C30FCF7B1FCD7E773
:10D120000120704760B310B5044690F83D3013B34A
:10D13000022384F83D30214651F8040BFFF78AFFA3
:10D14000012384F8483084F83E3084F83F3084F876
:10D15000403084F8413084F8423084F8433084F819
:10D16000443084F8453084F8463084F8473084F8F9
:10D170003D30002010BD80F83C30FCF76BFCD7E759
:10D180000120704730B4036A23F010030362036A7E
:10D190004468826922F0807222F4E6420D6842EA15
:10D1A000052223F020038D6843EA0513104DA842A1
:10D1B00007D0104DA8420BD005F58065A8420FD1CD
:10D1C00006E023F08003CD6843EA051323F0400313
:10D1D00024F440644D6944EA85048D6944EA850479
:10D1E000446082614A688263036230BC704700BF5A
:10D1F000002C01400040014038B590F83C30012B34
:10D2000000F0958004460D46012380F83C30142A36
:10D2100000F28880DFE802F00B8686861F8686860D
:10D2200034868686488686865D8686867100006896
:10D23000FFF740FD2268936943F008039361226879
:10D24000936923F0040393612268936929690B436E
:10D250009361002067E00068FFF794FF22689369FC
:10D2600043F4006393612268936923F480639361BC
:10D2700022689369296943EA01239361002052E0FF
:10D280000068FFF755FD2268D36943F00803D361B6
:10D290002268D36923F00403D3612268D369296922
:10D2A0000B43D36100203EE00068FFF779FD226860
:10D2B000D36943F40063D3612268D36923F48063A4
:10D2C000D3612268D369296943EA0123D36100202D
:10D2D00029E00068FFF792FD2268536D43F00803D0
:10D2E00053652268536D23F0040353652268536D20
:10D2F00029690B435365002015E00068FFF7AAFD7C
:10D300002268536D43F4006353652268536D23F420
:10D31000806353652268536D296943EA012353658D
:10D32000002000E00120002384F83C3038BD0220BA
:10D33000FCE701F01F014FF0010C0CFA01FC036A3D
:10D3400023EA0C030362036A8A40134303627047B3
:10D3500010B5044610293BD8DFE801F0093A3A3A03
:10D360001E3A3A3A253A3A3A2C3A3A3A330090F889
:10D370003E30DBB2013B18BF0123002B79D11029CD
:10D3800065D8DFE801F02C64646454646464586414
:10D3900064645C646464600090F83F30DBB2013B1D
:10D3A00018BF0123E9E790F84030DBB2013B18BF1A
:10D3B0000123E2E790F84130DBB2013B18BF0123C3
:10D3C000DBE790F84230DBB2013B18BF0123D4E722
:10D3D00090F84330DBB2013B18BF0123CDE70223B5
:10D3E00084F83E3001222068FFF7A3FF2368244A17
:10D3F000934207D002F5A052934203D002F5806217
:10D40000934203D15A6C42F400425A6423681C4A86
:10D41000934220D0B3F1804F1DD002F5A052934229
:10D4200019D01A6842F001021A60002022E002239B
:10D4300084F83F30D6E7022384F84030D2E7022355
:10D4400084F84130CEE7022384F84230CAE7022351
:10D4500084F84330C6E799680A4A0A40062A0AD087
:10D46000B2F5803F09D01A6842F001021A6000202C
:10D4700000E0012010BD0020FCE70020FAE700BF1B
:10D48000002C01400700010038B504460D4600227B
:10D490000068FFF74EFF2368274A934223D002F526
:10D4A000A05293421FD002F5806293421BD02368A2
:10D4B000196A41F21112114208D1196A40F244422C
:10D4C000114203D11A6822F001021A60102D2ED8E1
:10D4D000DFE805F0182D2D2D1D2D2D2D212D2D2DA5
:10D4E000252D2D2D2900196A41F211121142DED18C
:10D4F000196A40F244421142D9D15A6C22F40042D6
:10D500005A64D4E7012384F83E30002038BD01235B
:10D5100084F83F30F9E7012384F84030F5E7012330
:10D5200084F84130F1E7012384F84230EDE701232C
:10D5300084F84330E9E700BF002C014090F83C201C
:10D54000012A2FD030B40346012280F83C20022269
:10D5500080F83D20006842688468134DA8421CD0C2
:10D5600022F070020D682A4342601A680E48824217
:10D5700006D0B2F1804F03D000F5A050824204D112
:10D5800024F08004896821439160012283F83D20C2
:10D59000002083F83C0030BC704722F470024D68D4
:10D5A0002A43DDE702207047002C014090F83C3010
:10D5B000012B3BD010B40246012380F83C30CB68ED
:10D5C00023F440738868034323F48063486803436B
:10D5D00023F400630868034323F48053086903437A
:10D5E00023F400534869034323F48043886A0343C8
:10D5F00023F47023886943EA004310680C4CA0426E
:10D6000006D04364002082F83C005DF8044B70476C
:10D6100023F470034C6A43EA045323F08073CC690B
:10D62000234323F00073096A0B43EAE702207047A3
:10D63000002C0140704770477047026852E8003F75
:10D6400023F0C00342E800310029F6D1202383678C
:10D650007047026852E8003F23F4907342E80031BB
:10D660000029F6D1026802F1080353E8003F23F0D5
:10D670000103083242E800310029F3D1036E012B87
:10D6800005D02023C3670023036643667047026802
:10D6900052E8003F23F0100342E800310029F6D1A0
:10D6A000EFE700001346826F202A48D110B50446E8
:10D6B000002946D0002B46D090F87420012A44D08F
:10D6C000012280F87420C164A0F85030A0F85230D4
:10D6D0000022C0F8802021228267C26EDAB11C4984
:10D6E000D162C26E1B491163C26E1B495163C26E87
:10D6F0000021916302682832C16CC06EFDF788FF7B
:10D7000048B11023C4F88030002384F874302023FB
:10D71000A367012012E0236840221A62002384F8E4
:10D720007430226802F1080353E8003F43F080039D
:10D73000083242E800310029F3D1002010BD022058
:10D7400070470120FAE70120F8E70220F6E700BF62
:10D750005DD70008C9D70008D7D7000808B5034629
:10D76000806A1B681B6813F0200F18D10023A0F8F3
:10D770005230026802F1080353E8003F23F08003AF
:10D78000083242E800310029F3D1026852E8003F34
:10D7900043F0400342E800310029F6D108BDFAF712
:10D7A000D3FFFBE708B5026852E8003F23F04003CF
:10D7B00042E800310029F6D12023836700238366E5
:10D7C000FAF7C2FF08BD704708B5806AFFF7FBFF94
:10D7D00008BD7047704738B5846AA26FE56F23684B
:10D7E0009B6813F0800F01D0212A10D023689B681A
:10D7F00013F0400F01D0222D10D0D4F8803043F028
:10D800001003C4F880302046FFF7E4FF38BD002342
:10D81000A4F852302046FFF710FFE7E70023A4F8F2
:10D820005A302046FFF715FFE7E708B5806A002366
:10D83000A0F85A30A0F85230FFF7CCFF08BD70476F
:10D8400070B504460268D3691168906840F60F0C01
:10D8500013EA0C0F0AD113F0200F0DD011F0200F96
:10D860000AD0636E0BB3204698471EE010F0010506
:10D870001CD1A94E314219D1256E012D00F0A48092
:10D8800013F4801F03D010F4800F40F0328113F0A6
:10D89000800F03D011F0800F40F0328113F0400F61
:10D8A00003D011F0400F40F0328170BD13F0010F32
:10D8B00009D011F4807F06D001201062D4F88020B6
:10D8C0000243C4F8802013F0020F09D045B122684A
:10D8D00002201062D4F8802042F00402C4F88020B4
:10D8E00013F0040F09D045B1226804201062D4F867
:10D8F000802042F00202C4F8802013F0080F0BD001
:10D9000011F0200F00D13DB1226808201062D4F838
:10D9100080200243C4F8802013F4006F0CD011F073
:10D92000806F09D022684FF400601062D4F8802024
:10D9300042F02002C4F88020D4F88020002AB4D01D
:10D9400013F0200F06D011F0200F03D0636E0BB13F
:10D9500020469847D4F8802023689B6813F0400F36
:10D9600002D112F0280F28D02046FFF772FE23685C
:10D970009B6813F0400F1CD0226802F1080353E8A3
:10D98000003F23F04003083242E800310029F3D180
:10D99000236F53B1614A9A63206FFDF799FE002807
:10D9A00083D0206F836B98477FE72046FFF712FFF5
:10D9B0007BE72046FFF70EFF77E72046FFF70AFFD9
:10D9C0000023C4F8803070E713F0100F3FF458AF15
:10D9D00011F0100F3FF454AF1023136223689B68BB
:10D9E00013F0400F4ED0226F13685B689BB2002B80
:10D9F0003FF45BAFB4F8581099427FF656AFA4F8E5
:10DA00005A3013681B6813F0200F30D1226852E897
:10DA1000003F23F4807342E800310029F6D12268E8
:10DA200002F1080353E8003F23F00103083242E803
:10DA300000310029F3D1226802F1080353E8003FC6
:10DA400023F04003083242E800310029F3D12023BB
:10DA5000E36700232366226852E8003F23F01003A7
:10DA600042E800310029F6D1206FFDF70CFEB4F832
:10DA70005810B4F85A309BB2C91A89B22046FFF741
:10DA8000DEFE12E7B4F85810B4F85A309BB2C91A47
:10DA900089B2B4F85A309BB2002B3FF406AF00298C
:10DAA0003FF403AF226852E8003F23F4907342E84A
:10DAB00000300028F6D1226802F1080353E8003F45
:10DAC00023F00103083242E800300028F3D120237C
:10DAD000E367002323666366226852E8003F23F071
:10DAE000100342E800300028F6D12046FFF7A7FED9
:10DAF000DBE64FF480131362204600F071FBD4E69E
:10DB0000A36E002B3FF4D1AE20469847CDE62046C9
:10DB1000FFF748FEC9E600BF200100042BD800082B
:10DB200008B5806A036E012B02D0FFF752FE08BDD4
:10DB3000B0F858104908FFF782FEF8E708B5034629
:10DB4000806A1B681B6813F0200F28D10023A0F8FF
:10DB50005A30026852E8003F23F4807342E80031F3
:10DB60000029F6D1026802F1080353E8003F23F0D0
:10DB70000103083242E800310029F3D1026802F1C2
:10DB8000080353E8003F23F04003083242E8003125
:10DB90000029F3D12023C367036E012B05D0036E48
:10DBA000012B0CD0FAF7DEFD08BD026852E8003FF9
:10DBB00023F0100342E800310029F6D1EFE7B0F876
:10DBC0005810FFF73CFEEFE710B504468368026982
:10DBD000134342691343C269134301680868954AB5
:10DBE00002401A430A602268536823F44053E168F4
:10DBF0000B435360A16922688F4B9A4201D0236A7C
:10DC00001943936823F430630B43936023688B4A72
:10DC100093421FD08A4A934230D08A4A934246D0D8
:10DC2000854A934255D0102283498B427AD0E069CD
:10DC3000B0F5004F00F0A680082A00F20F81DFE85F
:10DC400012F0CE00E500CC000D01E8000D010D0141
:10DC50000D01EB0002F55842D2F8882002F00302D1
:10DC6000032A09D8DFE802F002044A060122DBE7B2
:10DC70000422D9E70822D7E71022D5E702F5E632D9
:10DC8000D2F8882002F00C020C2A0ED8DFE802F04D
:10DC9000070D0D0D090D0D0D380D0D0D0B0000229A
:10DCA000C2E70422C0E70822BEE71022BCE702F563
:10DCB000E432D2F8882002F03002202A22D004D8A0
:10DCC00012B3102A22D10422AEE7302A20D1082232
:10DCD000AAE702F5C832D2F8882002F44062B2F511
:10DCE000006F17D005D8BAB1B2F5806F16D10422F3
:10DCF0009AE7B2F5406F13D1082295E7022293E725
:10DD0000022291E702228FE700228DE710228BE7A3
:10DD1000102289E7022287E7002285E7102283E7A5
:10DD2000102281E7082A7AD8DFE802F008792A79F8
:10DD30002779797905004FF4004003E0FEF780FB76
:10DD400000286ED0626802EB420383426BD8B0EBCE
:10DD5000023F6AD8010E00025308C0184FF00003BA
:10DD600041F10001F7F752F8A0F54072364B9A42A4
:10DD70005DD82368D860002044E0FDF70DFFDFE7A1
:10DD80003248DFE7082A63D8DFE802F0072105629E
:10DD9000246262620B002D4803E0FEF751FB00286D
:10DDA00058D06268530803EB4003B3FBF2F3A3F1CE
:10DDB00010014FF6EF7291424ED89AB222F00F0244
:10DDC000C3F3420313432268D36000201AE0FEF736
:10DDD00049FBE4E7FDF7E0FEE1E71C4803E0FEF75E
:10DDE0002FFB00283CD0636800EB5300B0FBF3F03E
:10DDF000A0F110024FF6EF739A4233D8236880B235
:10DE0000D860002000236366A36610BDFEF72AFBDE
:10DE1000E7E7FDF7C1FEE4E74FF40040E3E7012048
:10DE2000F0E70020EEE70120ECE70120EAE701201F
:10DE3000E8E700BFF369FFEF0080004000380140D1
:10DE40000044004000480040FFFC0F000024F400A4
:10DE50000120D7E70020D5E70120D3E70120D1E753
:10DE60000020CFE70120CDE7436A13F0010F06D071
:10DE70000268536823F40033816A0B435360436A9A
:10DE800013F0020F06D00268536823F48033C16A8E
:10DE90000B435360436A13F0040F06D002685368C3
:10DEA00023F48023016B0B435360436A13F0080F84
:10DEB00006D00268536823F40043416B0B43536060
:10DEC000436A13F0100F06D00268936823F480535E
:10DED000816B0B439360436A13F0200F06D00268F6
:10DEE000936823F40053C16B0B439360436A13F0B0
:10DEF000400F0AD00268536823F48013016C0B436F
:10DF00005360036CB3F5801F0BD0436A13F0800F8E
:10DF100006D00268536823F40023816C0B435360DE
:10DF200070470268536823F4C003416C0B4353608D
:10DF3000EBE72DE9F84305460F4616469946DDF80E
:10DF400020802B68DC6937EA04040CBF012400241C
:10DF5000B44253D1B8F1FF3FF3D0FBF7ADFFA0EBD4
:10DF6000090040452DD8B8F1000F2AD02B681A6857
:10DF700012F0040FE5D0DA6912F4006FE1D04FF42B
:10DF800000621A622A6852E8003F23F4D07342E824
:10DF900000310029F6D12A6802F1080353E8003F56
:10DFA00023F00103083242E800310029F3D1202395
:10DFB000AB67EB67C5F88030002385F87430032029
:10DFC0001DE02A6852E8003F23F4D07342E8003194
:10DFD0000029F6D12A6802F1080353E8003F23F034
:10DFE0000103083242E800310029F3D12023AB6756
:10DFF000EB67002385F87430032000E00020BDE8C3
:10E00000F88330B583B004460023C0F88030FBF7B6
:10E0100053FF05462268126812F0080F0DD12368DD
:10E020001B6813F0040F16D12023A367E3670020B9
:10E03000206684F8740003B030BD6FF07E43009317
:10E04000034600224FF400112046FFF772FF00281C
:10E05000E5D00320EFE76FF07E4300932B460022CC
:10E060004FF480012046FFF764FF0028DCD0032036
:10E07000E1E768B310B50446836F03B32423A367B5
:10E080002268136823F0010313602046FFF79CFD0C
:10E09000012813D0636ABBB92268536823F4904304
:10E0A00053602268936823F02A0393602268136800
:10E0B00043F0010313602046FFF7A3FF10BD80F873
:10E0C0007430FBF727FDD9E72046FFF7CDFEE3E7E5
:10E0D0000120704710B5044613464165A0F858204A
:10E0E0000022C0F880202222C267026F8AB1224932
:10E0F000D162026F21491163026F21495163026F9E
:10E10000002191630168426D2431006FFDF780FAB0
:10E1100038BB002384F87430236943B1226852E885
:10E12000003F43F4807342E800310029F6D12268B1
:10E1300002F1080353E8003F43F00103083242E8CC
:10E1400000310029F3D1226802F1080353E8003FAF
:10E1500043F04003083242E800310029F3D10020A7
:10E1600010BD1023C4F88030002384F874302023BD
:10E17000E3670120F4E700BF3DDB000821DB000876
:10E18000D7D7000838B5C36F202B1ED1F9B102B321
:10E1900090F87430012B1ED0012380F874300023D6
:10E1A000036603680D4CA3420CD05B6813F4000FA8
:10E1B00008D0046854E8003F43F0806344E8003529
:10E1C000002DF6D1FFF786FF00E0022038BD0120C8
:10E1D000FCE70120FAE70220F8E700BF00800040DA
:10E1E00070470000024B0146186800F02DB800BFD0
:10E1F0006C010020024B0146186800F071BE00BFA0
:10E200006C01002070B50F4E0C463168054611B9FF
:10E2100000F0E0FD30602146284600F0DBFD431CA5
:10E2200003D14FF0FF34204670BDC41C24F003041A
:10E23000A042F8D0211A284600F0CCFD0130F2D1DE
:10E24000EFE700BF201700202DE9F843CD1C25F093
:10E25000030508350C2D38BF0C25002D064601DBC3
:10E26000A94204D90C2333600020BDE8F883DFF80D
:10E27000D48000F069F8D8F800301C4644BB294629
:10E280003046FFF7BFFF431C044658D1D8F8004082
:10E290002746002F43D1002C4BD023683946304607
:10E2A00004EB030900F096FD814542D121686D1A07
:10E2B00029463046FFF7A6FF01303AD023682B44A9
:10E2C0002360D8F800305A6862BBC8F800700FE0CD
:10E2D0002268521B20D40B2A17D96119A34225604A
:10E2E00018BF5960636808BFC8F8001062514B60DE
:10E2F000304600F02FF804F10B00231D20F007003A
:10E30000C21A1CBF1B1AA350AFE76268A3420CBF1E
:10E31000C8F800205A60EBE723466468AEE73C4645
:10E320007F68B6E71A465B68A342FBD100235360BF
:10E33000DEE70C233360304600F00CF894E705600C
:10E34000D6E700BF24170020014800F091BD00BFB0
:10E350008E180020014800F08DBD00BF8E180020EF
:10E36000002310B50446C0E90033C0E904338360DC
:10E3700081814366C2818361194608225C3000F0C6
:10E38000F6F80D4B63620D4BA3620D4BE3620D4B30
:10E3900023630D4B24629C4206D003F16802944231
:10E3A00002D0D0339C4205D104F15800BDE81040A2
:10E3B00000F05CBD10BD00BFE5E400080BE50008FF
:10E3C00043E5000867E5000828170020024A0349D2
:10E3D000034800F069B800BF5801002011F500089B
:10E3E0007001002041680C4B994210B5044601D0E1
:10E3F00001F08EF8A168094B994202D0204601F045
:10E4000087F8E168064B994204D02046BDE81040E9
:10E4100001F07EB810BD00BF281700209017002023
:10E42000F817002010B50B4B0B4C0C4A1A60204615
:10E4300000220421FFF794FF04F168000122092162
:10E44000FFF78EFF04F1D0000222BDE81040122138
:10E45000FFF786BF6018002028170020CDE30008D2
:10E46000014800F005BD00BF8F180020014800F0F2
:10E4700001BD00BF8F18002010B50446FFF7F0FF64
:10E48000236A1BB1BDE81040FFF7F0BF044B2362C5
:10E49000044B1B68002BF5D1FFF7C4FFF2E700BF68
:10E4A000E5E30008601800202DE9F8430746884698
:10E4B00014460026D4E90195B9F1010905D524686F
:10E4C000002CF7D13046BDE8F883AB89012B07D982
:10E4D000B5F90E30013303D029463846C04706430C
:10E4E0006835E9E710B50C46B1F90E1000F060FC94
:10E4F0000028ABBF636DA3891B1823F48053ACBF06
:10E500006365A38110BD002070472DE9F0411F46CF
:10E510008B89DB0505460C46164605D5B1F90E106C
:10E520000223002200F032FCA389B4F90E1023F478
:10E530008053A38132463B462846BDE8F04100F0B7
:10E5400059BC10B50C46B1F90E1000F01FFC431C6D
:10E55000A38915BF606523F4805343F48053A381DE
:10E5600018BFA38110BDB1F90E1000F0FFBB02442B
:10E570000346934200D1704703F8011BF9E70000FE
:10E5800038B50B4B1D686B6B044653B92420FFF75D
:10E5900029FE0246686320B9064B0748322100F085
:10E5A00081FC696B2046BDE8384000F007B800BF29
:10E5B0006C010020A0080108B70801082DE9F0410E
:10E5C0000C46074601F01CF821460546384601F086
:10E5D0001BF843699907044603F26C7806D164225C
:10E5E00098FBF2F302FB1383002B71D14FF4C87236
:10E5F00098FBF2F302FB1383B3FA83F35B095E42E9
:10E60000644B06F030061E4400F07CF900F086F9F9
:10E61000614B1B68002B6AD06B6843455AD1D7E920
:10E6200000232F68D5E90801002F5BD1824273EBEC
:10E6300001015EDB012323622B6D61684FF461628F
:10E6400093FBF2F002FB10333C2293FBF2F502FB4A
:10E65000153223689B1AA2682360491B121A3B2BB0
:10E660006160A26051DD013161603C3B2360636801
:10E670003B2B50DD0132A2603C3B6360A368172B4B
:10E680004FDDE2690132E261A2690132072AA8BFC7
:10E690000022A261E268183B0132A3602369E260B4
:10E6A00056F823108A420EDD0B2BA2EB0102E2602A
:10E6B00003F1010209BF636922610022013302BF35
:10E6C00022616361E26100F023F92046BDE8F08138
:10E6D000012394E7404600F061F800289FD14FF0F5
:10E6E000FF3304E0824273EB010102DA002323626C
:10E6F00009E0D5E9120182428B41B4BF0123002316
:10E700002362002B98D1AB6A97E7002BAFDA01396F
:10E7100061603C33AAE7002BB0DA013AA2603C33D7
:10E72000ABE7002BCFDAE269013AE261A269013A74
:10E7300048BF0622A261E2681833013AE260A36092
:10E74000002AC0D12369013B05D42361236956F80F
:10E750002330E360B7E70B23236163695A1E6261CC
:10E76000920703F26B7305D1642193FBF1F201FB75
:10E77000123262B94FF4C87293FBF2F102FB11330B
:10E78000B3FA83F35B0903F5B673E361DEE70123B4
:10E79000F9E700BFE8090108841800202DE9F843D3
:10E7A000044600F02DFF40F2B1739C4240F3A38079
:10E7B0006FF4F6616518A4F2B27340F26D12AD10F9
:10E7C00002FB03556FF4C8666FF06302A4F26D7329
:10E7D00093FBF2F31D44A319484E44604FF4C872F2
:10E7E0000146B3FBF2F300F150071D440B7AD1F858
:10E7F00014C04A2B38D1A20705EB0C0306D14FF009
:10E80000640E94FBFEF20EFB124232B94FF4C87E46
:10E8100094FBFEF20EFB12421ABBBCF13B0FD4BFBD
:10E820004FF0000C4FF0010C6344013B8A694FEA42
:10E83000E27CC3FB062C8B6AD2184CEBE373C1E974
:10E84000082328318F42D1D1D0E90843D0E91212F0
:10E850008C429341B4BF0123002303600120BDE833
:10E86000F8834FF0000CDFE7442B02D105EB0C03DB
:10E87000DCE7A30705D1642294FBF2F302FB134308
:10E8800093BB4FF4C87294FBF2F302FB1343B3FA49
:10E8900083F35B09DFF868E0D1F80C905B4203F08A
:10E8A00030032A464FF00008734408F10108C145BF
:10E8B00053F828E01ADC02F10408072398FBF3F36D
:10E8C000C3EBC303A8EB0303BCEB030C0B6903F11D
:10E8D000FF3348BF0CF1070CC3EBC3039C44F44562
:10E8E00006DA02EB0C03A1E70123D3E77244DCE76D
:10E8F000ACF1070CF3E70020B1E700BF8051010045
:10E90000E4090108014800F0B2BA00BF8C180020E9
:10E91000014800F0AEBA00BF8C180020014B186807
:10E9200000F002B86C0100202DE9F04F8DB00746D1
:10E9300000F066FEBC49BD4D0446384600F056FB6B
:10E94000064610BBBA4BBB4A1860BB4BA0621860AE
:10E95000BA4B2065C3E900224A2100220023C4E902
:10E960000300C4E90500C4E90D00C4E90F00C4E9CF
:10E970000823C4E912232868217284F83010FFF7B5
:10E9800039FC2E600DB0BDE8F08F2968002940F0F9
:10E990008E802868FFF72EFC3046F5F723FD411CDA
:10E9A0003846FFF751FC2860002840F08680A24AD4
:10E9B000DFF88882DFF878A200231360A04ACAF843
:10E9C000003000200021C8E90022C4E90333C4E973
:10E9D0000533C4E90801C4E90D33C4E90F33C4E9C0
:10E9E00012014A222272A36284F830202365337810
:10E9F0003A2B08BF013633783C2B62D1751C914A03
:10EA000091490AAB284600F0BDFD0028BADD0A9BFB
:10EA1000DA1E072AB6D8EB5C3E2BB3D102360A9B2E
:10EA2000F518F35C2D2B5AD101354FF0FF39002337
:10EA3000ADF81E30ADF8203008AF0AABCDE9013794
:10EA400003930DF11E03009380490AAB07AA2846E1
:10EA500000F098FD002895DDBDF81E30BDF820605F
:10EA60003C2202FB0366BDF81C304FF4616202FBDE
:10EA700003660A9B09FB06F605EB0309EB5C3C2BDE
:10EA800040F0EE8009F10105714A6F490AAB284652
:10EA900000F078FD002828DC99F801303E2B24D1C5
:10EAA000684BA662C8E90033CAF800606AE7F5F768
:10EAB0008FFC00287FF46DAF64E7314600F0DBF98E
:10EAC00075E7604A63490AAB304600F05BFD0028F9
:10EAD0007FF758AF0A9B033B072BA0D952E72B2B9C
:10EAE00008BF01354FF00109A1E70A9BDA1E072A8A
:10EAF0003FF648AFEB5C3E2B7FF444AF09F10209CF
:10EB00000A9B09EB030519F803302D2B40F0B78061
:10EB100001354FF0FF390023ADF81C30ADF81E3041
:10EB2000ADF820300A930AABCDE9027301930DF1E1
:10EB30001E03009345490AAB07AA284600F022FDB0
:10EB4000002800F3A280A6F5616304930A9B274680
:10EB50001D444FF0000B2B782C2B08BF013595F886
:10EB60000090B9F14D0F40F0A3800AAB0DF12602E1
:10EB7000CDE9013209AA0092374903930DF122022F
:10EB8000284600F0FFFC03287FF4FCAEBDF82210FD
:10EB90004B1E0B2B3FF6F6AEBDF82420531E042B64
:10EBA0003FF6F0AEBDF82630062B3FF6EBAEC7E9D8
:10EBB000031287F808907B610A9B05EB0309002587
:10EBC0004FF00203ADF81C30ADF81E50ADF82050E8
:10EBD0000A9599F800302F2B40F096800AAB08AACE
:10EBE000CDE901320DF11E0200921C49039307AAE0
:10EBF000484600F0C7FCA84200F386804A21002264
:10EC00000023C4E90355C4E90555C4E90823C4E950
:10EC10000D55C4E90F55C4E912232172A56284F889
:10EC200030102565AEE600BF100901086418002009
:10EC300080180020130901088418002064010020B6
:10EC40009909010874180020170901084C090108E6
:10EC5000681800202A090108380901084B09010831
:10EC60003E4A3F490AAB484600F08CFC00287FF73B
:10EC700017AF0A9B033B072B7FF642AF82E62B2B95
:10EC800008BF01354FF0010945E7BDF81E20BDF86A
:10EC900020303C2101FB0233BDF81C204FF46161A0
:10ECA00001FB023309FB03F34FE74FF0010B52E77F
:10ECB000B9F14A0F06BF01354B4644230A220BA97E
:10ECC0002846059300F00AFADDF82C90059BADF874
:10ECD0002600A94514D14D23BBF1000F07D12372A3
:10ECE00003210223C4E90313C4F814B067E784F8CE
:10ECF00030300B220123C4E90D230023E3635EE7D8
:10ED000080B23B7278615AE7BDF81E20BDF8203012
:10ED10003C2101FB0233BDF81C204FF4616101FB73
:10ED20000233BB610A9D28374D44BBF1000FBCD0B4
:10ED3000049B23650B4BC8F800306068074BA66244
:10ED4000C8F80430FFF72AFDA26A236DCAF8002034
:10ED50009B1A054A18BF0123136013E668180020A8
:10ED60002A090108741800208418002038B5064DBF
:10ED70000023044608462B60FAF7DEFF431C02D14D
:10ED80002B6803B1236038BD8818002038B5074DC3
:10ED900004460846114600222A601A46FAF7D6FFB2
:10EDA000431C02D12B6803B1236038BD88180020B2
:10EDB00038B5074D04460846114600222A601A4617
:10EDC000FAF79CFF431C02D12B6803B1236038BDC6
:10EDD0008818002038B5064D0023044608462B60ED
:10EDE000FAF7B6FF431C02D12B6803B1236038BD8C
:10EDF0008818002038B5074D044608461146002201
:10EE00002A601A46FAF78AFF431C02D12B6803B125
:10EE1000236038BD88180020014B1868704700BF78
:10EE20006C01002070B50D4D0D4C641BA410002624
:10EE3000A64209D10B4D0C4C01F0FCFC641BA41044
:10EE40000026A64205D170BD55F8043B984701360F
:10EE5000EEE755F8043B98470136F2E7540B0108FA
:10EE6000540B0108540B0108580B010870477047F8
:10EE7000704770477047034611F8012B03F8012BC8
:10EE8000002AF9D170470A44914200F1FF3300D1C2
:10EE9000704710B511F8014B03F8014F9142F9D1B9
:10EEA00010BD00001FB514461A46094B1B680546E5
:10EEB000D8684CB1074B0091CDE9013406492B4687
:10EEC00000F04EFB00F046FC044B1C46F3E700BF8D
:10EED0006C0100205E0901086B090108990901080D
:10EEE00038B50546002941D051F8043C0C1F002BD1
:10EEF000B8BFE418FFF728FA1D4A136833B96360F6
:10EF000014602846BDE83840FFF724BAA34208D968
:10EF1000206821188B4201BF19685B6809182160BD
:10EF2000EDE71A465B680BB1A342FAD91168501895
:10EF3000A0420BD120680144501883421160E0D1F7
:10EF400018685B68536008441060DAE702D90C2344
:10EF50002B60D6E7206821188B4204BF19685B68D4
:10EF6000636004BF091821605460CAE738BD00BF60
:10EF7000241700202DE9F84FDFF86CA006468946DB
:10EF8000174600F0EFFBDAF8004034B14B469846E4
:10EF900013F8012B3AB13D2AF9D1304600F0E8FBD5
:10EFA0000020BDE8F88FA8EB0908A34654F8040B2D
:10EFB0000028F2D04246494600F010FB0028F4D168
:10EFC00054F8043C03EB080513F808303D2BECD152
:10EFD000DAF80030ABEB03039B1030463B6000F0E7
:10EFE000C7FB681CDDE700BF4801002007B501AA88
:10EFF000FFF7C0FF03B05DF804FB00002DE9F0430C
:10F00000344E86460D46284615F8014B375D17F0FD
:10F010000807F8D12D2C10D12C780127851C33F04E
:10F02000100015D1302C0DD1287800F0DF005828C1
:10F0300008D16C78023510230AE02B2C04BF2C7801
:10F04000851CECE7002BF6D1302C14BF0A230823D3
:10F050004FF0FF380026B8FBF3F803FB08F96FEA1E
:10F0600009093046A4F1300CBCF1090F10D86446F0
:10F07000A3421EDDB6F1FF3F07D0804516D301D174
:10F08000A14513DB00FB0340012615F8014BE9E71E
:10F09000A4F1410CBCF1190F01D8373CE8E7A4F109
:10F0A000610CBCF1190F04D8573CE1E74FF0FF3673
:10F0B000EBE7731C06D12223CEF80030304632B97C
:10F0C000BDE8F08307B14042002AF9D006B1691EBD
:10F0D0001160F5E7490A0108FFF790BF13460A4699
:10F0E000014602480068FFF789BF00BF6C0100209D
:10F0F0002DE9F047164698468A680B69DDF820909E
:10F100009342B8BF1346336091F8432007460C463C
:10F110000AB1013333602368990642BF3368023372
:10F120003360256815F0060506D104F1190AE36875
:10F1300032689B1AAB4226DC94F843302268003BCD
:10F1400018BF012392062BD404F1430241463846EE
:10F15000C84701301ED02368226903F00603042B40
:10F1600002BFE5683368ED1AA3680CBF25EAE575B0
:10F1700000259342C4BF9B1AED1800261A34B542ED
:10F180001AD1002008E00123524641463846C847BC
:10F19000013003D14FF0FF30BDE8F0870135C6E7FD
:10F1A000E1185A1C302081F84300224494F845109D
:10F1B00082F843100233C7E701232246414638460E
:10F1C000C8470130E6D00136D9E700002DE9FF47F6
:10F1D0000F7E0C9E782F914680460C469A4601F190
:10F1E000430207D8622F0AD8002F00F0D180582F91
:10F1F00000F0B88004F1420684F842703AE0A7F1CA
:10F200006303152BF6D801A151F823F065F200082D
:10F2100079F20008F5F10008F5F10008F5F10008B1
:10F22000F5F1000879F20008F5F10008F5F10008A1
:10F23000F5F10008F5F1000877F30008A3F20008E3
:10F2400031F30008F5F10008F5F1000899F3000822
:10F25000F5F10008A3F20008F5F10008F5F1000847
:10F2600039F3000833681A1D1B68326004F1420646
:10F2700084F8423001239CE033682068191D316016
:10F28000060601D51D6803E04506FBD5B3F900501D
:10F29000002D03DA2D236D4284F8433058480A23A9
:10F2A00011E021683368080653F8045B02D449066C
:10F2B00048BFADB26F2F5248336014BF0A230823F2
:10F2C000002184F843106668A660002E05DB2168E3
:10F2D0002E4321F0040121604BD01646B5FBF3F11B
:10F2E00003FB1157C75D06F8017D2F46BB420D4653
:10F2F000F4D9082B0BD12368DF0708D5236961688F
:10F300009942DEBF302306F8013C06F1FF36921B1E
:10F310002261CDF800A04B4603AA21464046FFF7E4
:10F32000E7FE01304AD14FF0FF3004B0BDE8F0876E
:10F33000236843F0200323603248782784F845701F
:10F34000236831681F0651F8045B02D45F0648BF8A
:10F35000ADB23160D90744BF43F0200323601DB133
:10F360001023ADE72648E9E7236823F02003236054
:10F37000F6E71646BDE7336825686169181D3060F9
:10F380002E061B6801D5196002E06806FBD51980BE
:10F39000002323611646BCE733681A1D32601E68DD
:10F3A000626800213046F5F72BF808B1801B6060D9
:10F3B00063682361002384F84330AAE72369324657
:10F3C00049464046D0470130ADD023689B0713D44F
:10F3D000E068039B9842B8BF1846A6E7012332466F
:10F3E00049464046D04701309DD00135E368039936
:10F3F0005B1AAB42F2DCEBE7002504F11906F5E7F6
:10F400009A090108AB090108B1F90C202DE9F04176
:10F41000160705460C4654D44B68002B02DC0B6CD7
:10F42000002B48DDE66A002E45D0002312F48052FE
:10F430002F68216A2B6030D0626DA389590705D5EA
:10F440006368D21A636B0BB1236CD21A0023E66A8D
:10F45000216A2846B047431CA38906D129681D2983
:10F460002BD82A4ACA40D60727D500226260D90481
:10F470002269226004D5421C01D12B6803B9606562
:10F48000616B2F60B9B104F14403994202D0284660
:10F49000FFF726FD002363630DE001232846B047F4
:10F4A0000246501CC9D12B68002BC6D01D2B01D0A1
:10F4B000162B1ED12F60002022E043F040031BB228
:10F4C0001BE00F69002FF6D093070E6808BF4B6949
:10F4D0000F6018BF0023A6EB07088B60B8F1000F80
:10F4E000E9DD216AA66A43463A462846B047002825
:10F4F00008DCB4F90C3043F04003A3814FF0FF3037
:10F50000BDE8F0810744A8EB0008E7E701004020D0
:10F5100038B50B6905460C4613B90025284638BD99
:10F5200018B1036A0BB9FEF7A7FFB4F90C30002B32
:10F53000F3D0626ED00704D4990502D4A06DFFF712
:10F5400097FC28462146FFF75FFF636EDA07054602
:10F55000E4D4A3899B05E1D4A06DFFF78BFCDDE724
:10F560000EB403B5014603AB054853F8042B0068FD
:10F57000019300F02BFB02B05DF804EB03B0704781
:10F580006C0100200EB470B59DB021AC00254FF485
:10F59000017254F8046BADF814201B95029006908C
:10F5A000F4F720FF0B4B039007900B480B934FF69B
:10F5B000FF73ADF816303246234602A900680F9556
:10F5C0001495019400F062F91DB0BDE8704003B0DD
:10F5D000704700BF07E500086C01002010B56AB154
:10F5E0000139841810F8012B11F8013F9A4203D118
:10F5F000A04201D0002AF5D1D01A10BD1046FCE778
:10F6000000487047C00100202DE9F0414D4A0C46EA
:10F610000023D0E90001F5F7A9FB002ABCBF02F5E1
:10F62000A83202F5C0724FF4616100F52F20B2FBE1
:10F63000F1F301FB13224FF03C01ACBF00F66C204C
:10F6400000F66B20A360B2FBF1F301FB13226360B1
:10F650002260C31C072293FBF2F2C2EBC2029B1A88
:10F66000394955D50733A361A0F50E33A3F52C73A3
:10F6700093FBF1F1354B03FB010048F6AC63B0FBA3
:10F68000F3F3034440F2B45CB0FBFCF29B1A40F28B
:10F690006D172F4AB0FBF2F264269B1AB3FBF7F208
:10F6A000B3FBFCF3B2FBF6F5EB1A034407FB123392
:10F6B000992003EB8307023703F1010EB7FBF0FC3F
:10F6C00000FB0CF002304FF00508B0FBF8F0AEEB99
:10F6D000000040F2F95E77458CBF6FF00907022702
:10F6E00067444FF4C87C0CFB0121012F98BF013106
:10F6F000B3F5997F12D3A3F59973E361A1F26C710D
:10F700000023E060C4E9047123622046BDE8F08173
:10F710000028A361A8DB90FBF1F1ABE712F0030F27
:10F7200002D106FB15255DB94FF4C875B2FBF5F69D
:10F7300005FB1622B2FA82F252093B331344DCE78E
:10F740000122FAE780510100B13A02004FC5FDFFE6
:10F75000B03A020008B5062000F0CEFD0120FAF70D
:10F76000C7FA00000148FFF783BB00BF8D180020D7
:10F770000148FFF77FBB00BF8D1800202DE9F04145
:10F78000074614460D4621B9BDE8F0411146FEF783
:10F790005BBD2AB9FFF7A4FB25462846BDE8F081EA
:10F7A00000F0C6FD8442064602D8B4EB500FF4D8F0
:10F7B00021463846FEF748FD804608B94546ECE745
:10F7C000B4422246294628BF3246FFF75CFB294651
:10F7D0003846FFF785FBF1E738B54B1C144603D1DB
:10F7E0004FF0FF35284638BD938923F020039381DD
:10F7F000636B5268CDB28BB1A36B934208DD236873
:10F800005A1E226003F8015C636801336360E9E714
:10F81000214600F07AFC0028F1D0E1E72169236855
:10F8200051B1994208D213F8011CA94204D1013BFD
:10F83000013223606260D5E7C4E90F3204F144036A
:10F8400063630323A363234603F8465F2360012316
:10F85000DCE710B50C46496B69B104F144039942E9
:10F8600001D0FFF73DFB236C63600020606313B1A0
:10F87000E36B236010BD2369236000236360A389C9
:10F8800043F02003A3814FF0FF30F3E72DE9F04F61
:10F890000C46ADF5237D0021CDE94411A649A09188
:10F8A0000DF10408A549A64FCDF818810646A1918F
:10F8B000009392F80090B9F1000F00F0588117F80A
:10F8C000093013F0080302F1010519D06368002B19
:10F8D0000FDD23681A78BA5C120701D42A46E8E7DC
:10F8E000459A0132459262680133013A62602360B1
:10F8F000ECE7A19B2146304698470028E9D0EDE788
:10F90000B9F1250F40F085804193439353782A2B1A
:10F9100002BF1023951C41930A22AA461AF8011B24
:10F92000A1F13003092B1ED9DFF818B20322584683
:10F93000F4F766FD38B1419AA0EB0B000123834038
:10F9400013434193554615F8013B782B06D8572BA6
:10F9500010D8252B5DD057D8002B75D003234793A3
:10F960000A23429388E0439B02FB03113039439101
:10F970005546D2E7A3F15802202AEFD801A151F849
:10F9800022F000BF57FA00085DF900085DF9000891
:10F99000B1FA00085DF900085DF900085DF900089A
:10F9A0005DF900085DF900085DF900085DF90008DF
:10F9B000C7FA0008ADFA00080FFA00080FFA0008AD
:10F9C0000FFA00085DF9000869FA00085DF90008FF
:10F9D0005DF900085DF900085DF90008D7FA000834
:10F9E00071FA00084FFA00085DF900085DF9000897
:10F9F000D3FA00085DF90008ADFA00085DF90008C7
:10FA00005DF9000857FA0008453B022BA6D80523EC
:10FA100031E06368002B0DDD23681A784A4540F019
:10FA2000A680013362682360459B013A013362601E
:10FA3000459353E7A19B2146304698470028EBD0D9
:10FA40004498002840F08B804FF0FF308BE0419AC3
:10FA500042F020024192419A42F4007241921022F7
:10FA60006E2B429202D905E000234293032302E069
:10FA700008234293042347936368002B39DD419B9D
:10FA8000590604D423681A78BA5C120738D4479B05
:10FA9000022B47DC6B46224641A9304600F0AEF906
:10FAA000012864D002287FF419AFC9E70A22D7E7FA
:10FAB0002946404600F0F0FA419B43F04003419351
:10FAC00005460123D7E7419B43F0400341930023C0
:10FAD000D1E70223CFE74198C3063FF5FFAE009B75
:10FAE000459A191D00911B68C0074CBF1A801A6007
:10FAF000F4E6A19B2146304698470028BFD09FE7F7
:10FB0000459A013245926268013A002A626002DD3C
:10FB100001332360B6E7A19B214630469847002871
:10FB2000B0D08DE7042B0FDC6B46224641A930464E
:10FB300000F0BEF9B4E700BFD9F7000853F8000899
:10FB4000490A0108BC0901080A4B002B3FF4C6AE64
:10FB50006B46224641A93046AFF30080A0E7A38957
:10FB60005B063FF571AF0DF5237DBDE8F08F44983E
:10FB7000F9E700BF000000009368013B002B10B4C0
:10FB8000936008DA9469A34201DB0A2903D15DF886
:10FB9000044B00F0F4BA1368581C10601970084642
:10FBA0005DF8044B7047F8B506460F461446D51865
:10FBB000AC4201D1002007E014F8011B3A46304660
:10FBC000FFF7DAFF431CF3D1F8BD00002DE9F04F39
:10FBD0000D469DB014469846064618B1036A0BB907
:10FBE000FEF74AFC6B6ED90705D4AB899A0502D49F
:10FBF000A86DFFF73DF9AB891B0701D52B699BB9B0
:10FC00002946304600F0FAFA70B16B6EDC0704D575
:10FC10004FF0FF301DB0BDE8F08FAB899805F7D4E9
:10FC2000A86DFFF727F9F3E70023099320238DF848
:10FC30002930CDF80C803023DFF8AC818DF82A30E4
:10FC40004FF0010923469A4613F8012B0AB1252AE1
:10FC5000F9D1BAEB040B0BD05B462246294630465D
:10FC6000FFF7A1FF013000F0A780099A5A440992DA
:10FC70009AF80030002B00F09F8000234FF0FF32F5
:10FC8000CDE905230AF1010A049307938DF8533057
:10FC90001A935446052214F8011B5348F4F7B0FB9D
:10FCA000049AD8B9D10644BF20238DF853301307E6
:10FCB00044BF2B238DF853309AF800302A2B15D0EF
:10FCC000079A544600204FF00A0C214611F8013BD8
:10FCD000303B092B4BD9B0B1079214E0A0EB0803DD
:10FCE00009FA03F313430493A246D2E7039B191DB9
:10FCF0001B680391002BBBBF5B4242F002020793DB
:10FD00000793B8BF049223782E2B0AD163782A2B4D
:10FD100032D1039B1A1D1B68039243EAE37302343A
:10FD20000593DFF8D4A0217803225046F4F768FB4E
:10FD300038B1049BA0EB0A004022824013430134F7
:10FD4000049314F8011B29488DF828100622F4F7B3
:10FD500057FB00283FD0264B1BBB039B073323F0E8
:10FD6000070308330393099B3B4409936AE70CFBA1
:10FD700002320C460120A8E70023013405931946FE
:10FD80004FF00A0C204610F8012B303A092A03D90B
:10FD9000002BC6D00591C4E70CFB012104460123CA
:10FDA000F0E703AB00932A46124B04A93046AFF3A9
:10FDB00000800746781CD6D16B6ED90705D4AB8975
:10FDC0009A0502D4A86DFFF755F8AB895B063FF59D
:10FDD0001FAF09981EE703AB00932A46054B04A901
:10FDE0003046FFF7F3F9E4E7C0090108C609010846
:10FDF00000000000A7FB0008BC0901082DE9F8433A
:10FE000015468A6880460C4632B98A69002A14BFB2
:10FE10004FF0FF3201228A602268DFF89090D1060D
:10FE20005FBF1A68111D196016680027A06988B1A4
:10FE3000012807D12B681A7863699B5C53B9002F9E
:10FE400031D022E0022820D12B681B7819F803302A
:10FE50001B071AD42368DA065EBF2B681B7806F8E6
:10FE6000013B2A686B6801322A60A268013B013AB3
:10FE70006B600137A26042B1002BD7DCD4F880312F
:10FE80002946404698470028D0D0236813F0100335
:10FE900005D1E2680132E260A26902B133702369E0
:10FEA0003B4423610020BDE8F88300BF490A0108F4
:10FEB0002DE9F04F9846744B0C468246164693E85F
:10FEC000070087B003AB83E80700704BA169704A55
:10FED000032908BF1A46A36801925A1EB2F5AE7FE5
:10FEE00088BF6FF4AE75274682BF03EB050940F269
:10FEF0005D13A36057F81C3B43F4506398BF4FF069
:10FF0000000923603D464FF0000B316803AB0978D0
:10FF100053F82B000222F4F773FA28B3BBF1010F58
:10FF200059D162682AB92268082142F400726160DE
:10FF30002260226822F4A0622260A268511EA160A1
:10FF400092B13268511C3160127805F8012B726849
:10FF5000013A002A726007DCD4F88021314650460D
:10FF60009047002840F085800BF1010BBBF1030F97
:10FF7000CBD163680BB90A23636063684549606944
:10FF8000C91A00F089F84FF0000BA3682268002B13
:10FF90003DD03168606991F800C010F80C0000286D
:10FFA00035D0BCF1300F24D1100522D50BF1010B57
:10FFB000B9F1000F03D0013309F1FF39A360736871
:10FFC000013B002B73601BDD336801333360A36892
:10FFD000013BA360D9E7BBF1020FAED1226802F466
:10FFE000C061B1F5007FC4D11021616042F480721C
:10FFF000A2E722F4106222600B7805F8013BDEE7ED
:020000040801F1
:10000000D4F880313146504698470028DFD0236825
:10001000D9050DD5BD4209D915F8011CD4F87C319C
:1000200032465046984705F1FF394D46BD4228D02B
:10003000226812F0100213D12A706368019E3946BB
:100040005046B047D8F8003021681A1DC8F8002083
:1000500011F0200F1B680FD01860E3680133E360D4
:100060002369ED1B5D442B442361002007B0BDE8EC
:10007000F08F4FF0000BCAE7CA074CBF188018601A
:10008000EBE70120F2E700BF4C0801083504010846
:10009000D9F00008DD09010870B50B7804465E2B25
:1000A0000BBF4B784A1C8A1C002108BF0121013874
:1000B00004F1FF0500F8011FA842FBD10BB9501E47
:1000C00070BD81F00101E1541046024612F8015B57
:1000D0002D2D05D05D2D16D0002DF1D02B46F2E749
:1000E00046785D2EFAD0B342F8DC02301A4601326F
:1000F0009642A154FBDCF21A013A5D1CB342A8BF40
:100100000022AB18E1E71046DAE72DE9F0410C4692
:10011000496B04F1440399421DD14FF48061FEF70D
:1001200093F818B94FF0FF30BDE8F0814FF48063C9
:10013000A36394F84630606380F8FF3394F8453049
:1001400080F8FE3394F8443080F8FD3300F2FD303F
:1001500020600020E8E7A66B77003A46FFF70EFB29
:1001600005460028DED000EB060801463246404630
:10017000FEF789FEC4E90D57C4F80080E9E7F8B539
:100180000E461446054618B1036A0BB9FEF774F91A
:10019000A369A360A3891A0701D5236943B921463E
:1001A000284600F02BF818B14FF0FF373846F8BD5D
:1001B00023682269981A6369F6B28342374605DCE0
:1001C00021462846FFF7A4F90028EDD1A368013B9A
:1001D000A36023685A1C22601E706269431C9A4205
:1001E00004D0A389DB07E1D50A2EDFD121462846BA
:1001F000FFF78EF90028D9D0D6E7000038B5294B93
:10020000054618680C4618B1036A0BB9FEF734F9B5
:10021000B4F90C30190722D4DA0607D409222A606F
:1002200043F04003A3814FF0FF3033E0580712D56D
:10023000616B41B104F14403994202D02846FEF7B4
:100240004FFE00236363A38923F02403A3810023CB
:10025000636023692360A38943F00803A3812369B2
:100260004BB9A38903F42073B3F5007F03D0214673
:10027000284600F007F9B4F90C3013F001020AD057
:100280000022A26062695242A261226942B913F05F
:100290008000C5D138BD990758BF6269A260F4E7F4
:1002A0000020F7E76C0100201F2938B505460C46F1
:1002B00004D9162303604FF0FF3038BDC26B12B172
:1002C00052F821304BB9284600F030F8224601465A
:1002D0002846BDE8384000F017B8012B0AD0591C59
:1002E00003D1162303600120E7E7002142F8241020
:1002F000204698470020E0E7024B01461868FFF7C8
:10030000D3BF00BF6C01002038B5074D0023044661
:10031000084611462B60F9F7E3FC431C02D12B6819
:1003200003B1236038BD00BF88180020F9F7D6BCA0
:1003300051F8043C181F002BBCBF0B58C018704765
:10034000242B2DE9F0478646904601D8012B06D193
:10035000FEF762FD162303600020BDE8F0873448F5
:100360000D462A4615F8014B065D16F00806F8D131
:100370002D2C10D12C780126951C33F0100215D1AC
:10038000302C0DD12A7802F0DF02582A08D16C787F
:10039000023510230AE02B2C04BF2C78951CECE7C7
:1003A000002BF6D1302C14BF0A23082306F1004C91
:1003B0000CF1FF3C0022BCFBF3F9104603FB19CA09
:1003C000A4F13007092F0FD83C46A3421BDD571C70
:1003D00007D0814514D301D1A24511DB00FB0340B6
:1003E000012215F8014BEBE7A4F14107192F01D8C1
:1003F000373CEAE7A4F16107192F04D8573CE4E73A
:100400004FF0FF32EDE7531C08D12223CEF8003025
:100410006046B8F1000FA0D0691E06E006B1404268
:10042000B8F1000F99D0002AF6D1C8F8001094E76F
:10043000490A0108FFF784BF70B50C46B1F90E10E8
:10044000002996B015461E460DDAA38913F0800FD9
:100450004FF0000114BF40234FF48063002031604F
:100460002B6016B070BD6A4600F048F80028ECDB3F
:10047000019901F47041A1F50053594259414FF4DB
:100480008063EBE78B89F7B59D0706460C4607D5D9
:1004900004F14703236023610123636103B0F0BDCE
:1004A00001AB6A46FFF7C8FF009F05463946304654
:1004B000FDF7CAFE48B9B4F90C309A05EED423F022
:1004C000030343F00203A381E2E7A389206043F022
:1004D0008003A381019BC4E904075BB1B4F90E104A
:1004E000304600F01DF828B1A38923F0030343F040
:1004F0000103A381A3891D43A581CFE738B5074D2B
:1005000000230446084611462B60F9F718FC431CEB
:1005100002D12B6803B1236038BD00BF88180020CA
:1005200038B5064D0023044608462B60F9F70CFC4D
:10053000431C02D12B6803B1236038BD881800200A
:1005400008B52DED028BB0EE408A00F079F8B4EEDC
:10055000488AF1EE10FAF0EE408A15D6B0EE480A5D
:1005600000F01AF8F7EE007AB4EEE70AF1EE10FAAE
:100570000ADDFEF751FCBDEC028B21230360BDE8D0
:100580000840044800F010B8B0EE680ABDEC028BD9
:1005900008BD00BF9909010810EE103A23F000438E
:1005A00000EE103A704700009FED010A704700BF4F
:1005B0000000C07F51EC100B70B5C1F30A54A4F2D7
:1005C000FF32132A0B4605461BDC002A0BDA01F02A
:1005D0000043013204BF43F07F5343F44013002231
:1005E0001946104615E0154C144104EA010606436D
:1005F0000FD04FF4002141FA02F2134423EA04031E
:10060000EDE7332A08DDB2F5806F02D10246F3F739
:100610004DFF41EC100B70BDA4F213464FF0FF34B8
:10062000F4400442F5D0C2F1330101228A4052194C
:1006300028BF013322EA0402D2E700BFFFFF0F0008
:1006400008B510EE103A23F00042B2F17E5F2DEDB6
:100650000C8B0AD19FED640ADFED647A002BC8BFD2
:10066000B0EE670ABDEC0C8B08BD04D930EE408AB1
:1006700088EE080AF6E7B2F17C5F3CD2B2F10C5F7B
:1006800040F2AF8060EE007ADFED596A9FED597A53
:100690009FED596AA7EEA67ADFED586AE7EE276A62
:1006A0009FED577AA6EEA77ADFED566AE7EE276A46
:1006B0009FED557AA6EEA77ADFED546AA7EEA66AFB
:1006C000DFED536AE6EE276A9FED526AA6EEA76A4F
:1006D000F7EE006AE6EE276A27EE277ADFED4E7A1C
:1006E00087EE266AE0EE467A70EE677A9FED4B0A57
:1006F00030EE670AB6E7002BDFED3DDADFED3DCAED
:100700009FED3ECADFED3EBA9FED3EBADFED3E8A79
:100710009FED3EDADFED38AA9FED3DAADFED3D9A71
:10072000B7EE009AF6EE007A28DA30EE098A28EE63
:10073000270AE0EE2DCAE0EE0DAAACEE80CAAAEEC2
:1007400080AAECEE00BAEAEE009AABEE80BAA9EE0F
:10075000809AEBEE008A68EE808A00F067F888EEF7
:10076000897ADFED2F7AE0EE077AB0EE007A77EE45
:10077000807A9FED2C0AA7EEC70A73E739EE408A0C
:1007800028EE278AB0EE480A00F050F8E8EE2DCAAD
:10079000E8EE0DAAACEE88CAAAEE88AAECEE08BA7A
:1007A00010EE103AABEE88BA6FF30B03EAEE089A3C
:1007B00007EE903AEBEE088AB0EE486AA7EEE76AD9
:1007C000A9EE889A70EE276A68EE888A86EE267A05
:1007D000C8EE896AA0EE267A37EE870A30EE000A64
:1007E00040E79FED110A3DE7DB0F494000000000A4
:1007F00008EF1138047F4F3A613330BF461124BDF2
:10080000A80A4E3E90B0A6BEABAA2A3E2EC69D3D7B
:100810002D57014039D119C06821A233DA0FC93FE1
:100820006821A2B3DA0F4940DB0FC93FB1EEC00A1D
:1008300070470000F8B500BFF8BC08BC9E46704782
:10084000F8B500BFF8BC08BC9E467047DF09010838
:10085000E2090108E5090108A0860100400D030036
:10086000801A060000350C0040420F0080841E00F4
:1008700000093D0000127A000024F40000366E01E9
:100880000048E801006CDC020000000001020304E3
:100890000000000000000000010203040607080930
:1008A0005245454E54206D616C6C6F6320737563C7
:1008B000636565646564002F6275696C642F676E9B
:1008C000752D746F6F6C732D666F722D73746D332D
:1008D000325F31332E332E72656C312E323032342A
:1008E000303932362D313731352F7372632F6E65C3
:1008F000776C69622F6E65776C69622F6C696263D1
:100900002F74696D652F6C636C74696D652E63005F
:10091000545A00474D54002531315B2D2B302D3971
:10092000412D5A612D7A5D256E002531315B412DB7
:100930005A612D7A5D256E004D256875256E2E2530
:100940006875256E2E256875256E002F256875251E
:100950006E3A256875256E3A256875256E002C203F
:1009600066756E6374696F6E3A20006173736572A9
:1009700074696F6E2022257322206661696C65643C
:100980003A2066696C6520222573222C206C696EE2
:1009900065202564257325730A00303132333435E0
:1009A00036373839414243444546003031323334DA
:1009B000353637383961626364656600686C4C00AF
:1009C000232D302B200065666745464700412D46A4
:1009D000612D66383930313233343536375D002B8E
:1009E0002D003030007858001F0000001C0000006F
:1009F0001F0000001E0000001F0000001E0000007D
:100A00001F0000001F0000001E0000001F0000006B
:100A10001E0000001F0000001F0000001D0000005D
:100A20001F0000001E0000001F0000001E0000004C
:100A30001F0000001F0000001E0000001F0000003B
:100A40001E0000001F000000002020202020202089
:100A5000202028282828282020202020202020206E
:100A6000202020202020202020881010101010107E
:100A700010101010101010101004040404040404CA
:100A80000404041010101010101041414141414164
:100A90000101010101010101010101010101010146
:100AA0000101010110101010101042424242424256
:100AB0000202020202020202020202020202020216
:100AC00002020202101010102000000000000000BE
:100AD0000000000000000000000000000000000016
:100AE0000000000000000000000000000000000006
:100AF00000000000000000000000000000000000F6
:100B000000000000000000000000000000000000E5
:100B100000000000000000000000000000000000D5
:100B200000000000000000000000000000000000C5
:100B300000000000000000000000000000000000B5
:100B40000000000000000000000000008438FF7F6B
:100B500001000000B54300089143000828FF2A194E
:100B6000B215042728FFC56DB21503B728FFD303BC
:100B7000B215016E28FF5174B21503B428FF00941A
:100B8000B21503A528FFE402B215013428FF742F23
:100B9000B215016E28FF5A9AB215012428FFB582BA
:100BA000B215030928FF621DB21501C128C30456FE
:100BB000B5013C462876AE56B5013C2428B51B56F7
:100BC000B5013C7F280D8856B5013C2028BEDA5679
:100BD000B5013C682833CB56B5013C7928C21B5679
:100BE000B5013C6228F4A256B5013C8128B22556D5
:100BF000B5013CDC2815F856B5013CB728FF6576F1
:100C0000E0013C3428AC2076E0013C78285765763A
:100C1000E0013CC928587376E0013C0D2845067672
:100C2000E0013CA328CA4376E0013C562859CB4654
:100C30003A1901A92859B156B5013CA528F4554DDA
:100C40003A19013E2848D8BB1E190111283C3667C5
:100C50003A190134285F7456B5013CE728513756DC
:100C6000B5013C5328624556B5013C0928E4277B71
:100C70003A1901CA281E36023A1901FD284CA37EF2
:100C80000C00006D2860997E0C00009F284DA37E0B
:100C90000C00005A2856997E0C0000C02852997EFC
:100CA0000C00001C1417002000093D00010000008A
:100CB00010000000000000000300000028170020C2
:100CC0001309010813090108700100200000000049
:100CD0002817002090170020F817002000000000BF
:100CE0000000000000000000000000000000000004
:100CF00000000000000000000000000000000000F4
:100D000000000000000000000000000000000000E3
:100D100000000000000000000000000001000000D2
:100D2000000000004A000000000000000000000079
:100D300000000000000000000000000000000000B3
:100D40000000000000000000000000004A00000059
:100D50000000000000000000000000000000000093
:100D60000000000000000000000000000000000083
:040D7000000000007F
:00000001FF
